code_market,customer_name,regency,province,expedition_name,term_payment,operational_time,customer_contact,customer_PIC,email,customer_address,customer_character
"MT","APOTEK CANNA FARMA 7","SERANG","BANTEN","PT. SARANA MULYA LOGISTICS","","","08974408444","","","Jl. Raya Ciruas - Walantaka No. 2
Pipitan, Kec. Walantaka, Kab. Serang
Kab. Serang, Banten 42183 ",""
"MT","APOTEK CILIMUS KF","Kuningan","Jawa Barat","PT. LESTARI JAYA RAYA","","","0231-236891","","","JL. RAYA CILIMUS NO.72
CILIMUS KUNINGAN
CIREBON 45556
JAWA BARAT
","arsy"
"MT","CIRCLE-K BALI 1","KOTA DENPASAR","BALI","PAXEL","COD","","087877612538","","","JL. M T HARYONO NO.2B
KEL. DAUH PURI KEC. DENPASAR BAR
KOTA DENPASAR
BALI 80232",""
"MT","CIRCLE-K BANDUNG 1","KOTA BANDUNG","JAWA BARAT","PT. CITRA VAN TITIPAN KILAT (TIKI)","NET 30","","022-8564454","","","JL. SOEKARNO HATTA NO.447
CISEUREUH KEC. REGOL
KOTA BANDUNG
JAWA BARAT 40255
",""
"MT","CIRCLE-K BATAM 1","BATAM","KEPULAUAN RIAU","PT Lion Express","NET 30","","07784802000","","","Executive Industrial Park Blok B1 No.06
Jl. Raya Engku Putri Batam Center
BATAM 29464
KEP. RIAU",""
"MT","CIRCLE-K JAKARTA 1","KOTA JAKARTA TMUR","DKI JAKARTA","PT. SARWA MANGGALLA RAYA","NET 30","","021-8564454","","","KOMPLEK PERGUDANGAN ALUN INDAH C12
JL RAYA BEKASI KM 23
KEL. CAKUNG BARAT KEC. CAKUNG BARAT
KOTA JAKARTA TIMUR 13320",""
"MT","CIRCLE-K SURABAYA 1","KABUPATEN SIDOARJO","JAWA TIMUR","PAXEL","COD","","","","","JL. S. PARMAN WARU NO.44
SIDOARJO 61256 
JAWA TIMUR",""
"MT","CIRCLE-K YOGYAKARTA","YOGYAKARTA","JAWA TENGAH","PAXEL","NET 30","","","","","JL. MAGELANG KM 7 NO.9 MLATIJATI
SENDANGADI MLATI
SLEMAN
DAERAH ISTIMEWA YOGYAKARTA  ",""
"MT","CV. KREASI SUKSES MAKMUR","KOTA JAKARTA BARAT","DKI Jakarta","PT. SARWA MANGGALLA RAYA","30 hari dari penerimaan barang","","021-5433 1559","Ibu July","","GREEN SEDAYU BIZPARK
JL. DAAN MOGOT 17 NO.99
KALIDERES JAKARTA BARAT",""
"MT","CV. METRO SEHAT SEJAHTERA","KOTA BANDUNG","Jawa Barat","JNE","","","(022) 756 7148","","","JL. VENUS RAYA NO.31
MANJAHLEGA RANCASARI
BANDUNG 40292
JAWA BARAT INDONESIA 
",""
"MT","DIAMOND SUPERMARKET","KOTA JAKARTA UTARA","DKI Jakarta","PT. SARWA MANGGALLA RAYA","","","021-45863828","Janet Sulayman","jsulayman.en@gmail.com","MALL ARTHA GADING
JL. ARTHA GADING SEL NO.1
RW.8 KELAPA GADING BARAT
KEC KELAPA GADING
JAKARTA UTARA 14240 DKI JAKARTA INDONESIA ",""
"MT","DIAMOND SUPERMARKET TANGERANG","KOTA TANGERANG","Banten","PT. SARWA MANGGALLA RAYA","","","02175921135","Bu Sofie","","LOWER GROUND FLOOR POINS SQUARE
JL. R.A. KARTINI NO.1
CILANDAK LEBAK",""
"MT","FAMILYMART BALI","Bali","Bali","JNE","","","0","","","",""
"MT","FAMILYMART CIBITUNG","KABUPATEN BEKASI","Jawa Barat","PT. SARWA MANGGALLA RAYA","","","0","","","",""
"MT","FAMILYMART SETIABUDI","KOTA JAKARTA SELATAN","DKI Jakarta","PT. SARWA MANGGALLA RAYA","","","(021) 57904567","","","GRAHA FAMILYMART LT.3A
KARET SETIABUDI
JAKARTA SELATAN DKI JAKARTA","KANTOR PUSAT TEMPAT TUKAR FAKTUR"
"MT","HARIHARI BCP","KOTA BEKASI","Jawa Barat","PT. SARWA MANGGALLA RAYA","Checker Rp. 5000","Senin - Jumat
08:00 s/d 15:00
Sabtu
08:00 s/d 12:00","021-8845328","","bcp1@harihari.co.id","JL. K.H. NOER ALI NO.177
BCP LANTAI BASEMENT
BEKASI BARAT BEKASI 17124
JAWA BARAT INDONESIA 
",""
"MT","HARIHARI BINTARO","KOTA TANGERANG","Banten","PT. SARWA MANGGALLA RAYA","Checker Rp. 5000","Senin - Jumat
08:00 s/d 15:00
Sabtu
08:00 s/d 12:00","021-7466695","Robertus Gunadi","bintaro.po@harihari.co.id","JL. M.H. THAMRIN NO.1 BLOK B7/B2
CBD BINTARO TANGERANG SELATAN
TANGERANG 15224 BANTEN
INDONESIA",""
"MT","HARIHARI BTC","KOTA BEKASI","Jawa Barat","PT. SARWA MANGGALLA RAYA","Checker Rp. 5000","Senin - Jumat
08:00 s/d 15:00
Sabtu
08:00 s/d 12:00","021-88352268
","Ni Made Wahyu","btc@harihari.co.id","JL. H.M. JOYOMARTONO
BULAK KAPAL BTC LANTAI DASAR
BEKASI TIMUR BEKASI 17113 ",""
"MT","HARIHARI CILEDUG","KOTA TANGERANG","Banten","PT. SARWA MANGGALLA RAYA","Checker Rp. 5000","Senin - Jumat
08:00 s/d 15:00
Sabtu
08:00 s/d 12:00","021-58909666","Agus Gunawan","ciledug@harihari.co.id","JL. HOS COKROAMINOTO NO.5
KARANG TIMUR CILEDUG TANGERANG
TANGERANG 15151 BANTEN INDONESIA ",""
"MT","HARIHARI DRAMAGA BOGOR","KOTA BOGOR","JAWA BARAT","PT. ADIKA DWIKARYA UTAMA","NET 30","","","","","JALAN DRAMAGA KM 65 RW.02 RT.03 
MARGA JAYA
BOGOR
16116 ",""
"MT","HARIHARI FATMAWATI","KOTA JAKARTA SELATAN","DKI Jakarta","PT. SARWA MANGGALLA RAYA","Checker Rp. 5000","Senin - Jumat
08:00 s/d 15:00
Sabtu
08:00 s/d 12:00","021-7399448","Indra Sujino","fatma2@harihari.co.id","JL. RS FATMAWATI NO.39
ITC FATMAWATI LANTAI 3
JAKARTA SELATAN 12150
DKI JAKARTA INDONESIA ",""
"MT","HARIHARI KALIDERES","KOTA JAKARTA BARAT","DKI Jakarta","PT. SARWA MANGGALLA RAYA","Checker Rp. 5000","Senin - Jumat
08:00 s/d 15:00
Sabtu
08:00 s/d 12:00","021-5402593","Oey Tjiang Lie","kalideres@harihari.co.id","JL. PETA SELATAN KALIDERES
PERUM KALIDERES PERMAI NO.1
JAKARTA BARAT 11840
DKI JAKARTA INDONESIA ",""
"MT","HARIHARI LOKASARI","KOTA JAKARTA BARAT","DKI Jakarta","PT. SARWA MANGGALLA RAYA","Checker Rp. 5000","Senin - Jumat
08:00 s/d 15:00
Sabtu
08:00 s/d 12:00","(021) 66605188
","","lokasari@harihari.co.id","JL. MANGGA BESAR RAYA 81
LOKASARI PLAZA LANTAI 2
JAKARTA BARAT ",""
"MT","HARIHARI ROXY","KOTA JAKARTA PUSAT","DKI Jakarta","PT. SARWA MANGGALLA RAYA","Checker Rp. 5000","Senin - Jumat
08:00 s/d 15:00
Sabtu
08:00 s/d 12:00","021-63857937","Sriwila Soekowati","roxi@harihari.co.id","JL. K.H. HASYIM ASHARI
ITC ROXY MAS BASEMENT
JAKARTA PUSAT 10150
DKI JAKARTA INDONESIA ",""
"MT","HARIHARI TELUK GONG","KOTA JAKARTA UTARA","DKI Jakarta","PT. SARWA MANGGALLA RAYA","Checker Rp. 5000","Senin - Jumat
08:00 s/d 15:00
Sabtu
08:00 s/d 12:00","021-6605420","Muzaroh","","DUTA HARAPAN INDAH BLOK C-1
TELUK GONG JAKARTA UTARA 14460
DKI JAKARTA INDONESIA 
",""
"MT","HERO BEKASI","KABUPATEN BEKASI","Jawa Barat","PT. SARWA MANGGALLA RAYA","","","","","","JL INDOFARMA RT001/ RW10
BEKASI JAWA BARAT",""
"MT","HERO SIDOARJO","Sidoarjo","Jawa Timur","PT. LESTARI JAYA RAYA","","","","","","KAWASAN SAFE N LOCK AP 6516-18
SIDOARJO",""
"MT","IDG AMBON","Ambon","Maluku","PT. LESTARI JAYA RAYA","","08:00 s/d 15:00
Senin - Jumat
Sabtu 08:00 s/d 13:00","0","","","",""
"MT","IDG BANDUNG","Bandung","Jawa Barat","PT. LESTARI JAYA RAYA","","08:00 s/d 15:00
Senin - Jumat
Sabtu 08:00 s/d 13:00","0","","","",""
"MT","IDG BANJARMASIN","Banjarmasin","Kalimantan Selatan","PT. LESTARI JAYA RAYA","","08:00 s/d 15:00
Senin - Jumat
Sabtu 08:00 s/d 13:00","0511-6746181","Agus Taryono","dc_mgr@bms.indomaret.co.id","JL AHMAD YANI KM12.2
KEL. GAMBUT BARAT KEC. GAMBUT
BANJARMASIN 70652
KALIMANTAN SELATAN INDONESIA",""
"MT","IDG BATAM","KOTA BATAM","KEPULAUAN RIAU","Indopaket","NET 30","","","","","JL LETJEND SUPRAPTO (BATAMINDO MUKA KUNING)
MUKA KUNING
SEI BEDUK
BATAM  
KEPULAUAN RIAU
",""
"MT","IDG BINTARA","KOTA BEKASI","Jawa Barat","PT. SARWA MANGGALLA RAYA","","08:00 s/d 15:00
Senin - Jumat
Sabtu 08:00 s/d 13:00","(021) 8886 3228","","","JL. BARU TERUSAN I GUSTI NGURAHRAI
RT.11/RW.12 (500M TIMUR STASIUN CAKUNG)
BINTARA BEKASI BARAT",""
"MT","IDG BOGOR","KABUPATEN BOGOR","Jawa Barat","PT. SARWA MANGGALLA RAYA","","08:00 s/d 15:00
Senin - Jumat
Sabtu 08:00 s/d 13:00","(021) 2923 0499","","","JL. RAYA BOGOR JAKARTA KM46.7
KELURAHAN NANGGEWER MEKAR
KECAMATAN CIBINONG
KAB. BOGOR 16912
JAWA BARAT INDONESIA ",""
"MT","IDG CIKOKOL","KOTA TANGERANG","BANTEN","PT. SARWA MANGGALLA RAYA","NET 30","","","","","JL. MH THAMRIN RT.001/RW.002
KEL. CIKOKOL
KEC. TANGERANG
KOTA TANGERANG
BANTEN 15117",""
"MT","IDG CIPINANG","KOTA JAKARTA TIMUR","DKI Jakarta","PT. SARWA MANGGALLA RAYA","","08:00 s/d 15:00
Senin - Jumat
Sabtu 08:00 s/d 13:00","(021) 470 6455
","","","JL. PISANGAN TIMUR NO.1
KOMPLEK PASAR INDUK BERAS
CIPINANG JAKARTA TIMUR 13230
DKI JAKARTA INDONESIA ",""
"MT","IDG CIPUTAT","KOTA DEPOK","Jawa Barat","PT. SARWA MANGGALLA RAYA","","08:00 s/d 15:00
Senin - Jumat
Sabtu 08:00 s/d 13:00","(021) 2274 2246","","","JL. RAYA PARUNG-CIPUTAT BOJONGSARI BARU
SAWANGAN DEPOK 16516
JAWA BARAT INDONESIA",""
"MT","IDG JAMBI","Jambi","Jambi","PT. LESTARI JAYA RAYA","","08:00 s/d 15:00
Senin - Jumat
Sabtu 08:00 s/d 13:00","0","Fitra","nfood_igr_jbi@indomaret.co.id","JL. LINGKAR SELATAN NO.18
RT.36 KEL. KENALI ASAM BAWAH
KEC. KOTA BARU
JAMBI 36128",""
"MT","IDG KARAWANG","KABUPATEN KARAWANG","Jawa Barat","PT. SARWA MANGGALLA RAYA","","08:00 s/d 15:00
Senin - Jumat
Sabtu 08:00 s/d 13:00","(0267) 841 2526","","","JL. LINGKAR TANJUNGPURA
KEL. NAGASARI KEC. KARAWANG BARAT
KAB. KARAWANG 41312
JAWA BARAT INDONESIA ",""
"MT","IDG KEMAYORAN","KOTA JAKARTA PUSAT","DKI Jakarta","PT. SARWA MANGGALLA RAYA","","08:00 s/d 15:00
Senin - Jumat
Sabtu 08:00 s/d 13:00","(021) 6586 5658","","","JL. TERUSAN ANGKASA B-2 KAV NO.1
KEMAYORAN JAKARTA PUSAT 10610
DKI JAKARTA INDONESIA",""
"MT","IDG KENDARI","Kendari","Sulawesi Tenggara","PT. LESTARI JAYA RAYA","Rp. 14.000/kg
Min 50 kg = Rp. 700.000","08:00 s/d 15:00
Senin - Jumat
Sabtu 08:00 s/d 13:00","(0401) 3083025","","","JL. MADUSILA NO.19
KEL. ANDUONOHU KEC. PPOASIA
KENDARI 93231
SULAWESI TENGGARA INDONESIA 
",""
"MT","IDG LAMPUNG","BANDAR LAMPUNG","LAMPUNG","PT. LESTARI JAYA RAYA","","08:00 s/d 15:00
Senin - Jumat
Sabtu 08:00 s/d 13:00","0812 2220 7807
","Marshela Agustien","","JL. SUKARNO HATTA NO.15
KEL. KAMPUNG BARU RAYA KEC. LABUHAN RATU
BANDAR LAMPUNG 35149
LAMPUNG INDONESIA ",""
"MT","IDG MAKASSAR","KOTA MAKASSAR","SULAWESI SELATAN","JNE","","08:00 s/d 15:00
Senin - Jumat
Sabtu 08:00 s/d 13:00","(0411) 8954 848 ","","","JL. PERINTIS KEMERDEKAAN KM.18
KEL. PAI KEC. BIRINGKANAYA
MAKASSAR 90242
SULAWESI SELATAN INDONESIA ",""
"MT","IDG MALANG","Malang","Jawa Timur","JNE","","08:00 s/d 15:00
Senin - Jumat
Sabtu 08:00 s/d 13:00","(0341) 821 0888","","","JL. SUDANCO SUPRIYADI KAV.17A
KEL. KEBONSARI KEC. SUKUN
MALANG 65149
JAWA TIMUR INDONESIA",""
"MT","IDG MANADO","Manado","Sulawesi Utara","PT. LESTARI JAYA RAYA","Rp. 14.000 per kg; minimum 50 kg =  Rp. 700.000","08:00 s/d 15:00
Senin - Jumat
Sabtu 08:00 s/d 13:00","(0431) 7241615","","","JL. AA MARAMIS NO.15
KEL. PANIKI KEC. MAPANGET
MANADO 95258
SULAWESI UTARA INDONESIA ",""
"MT","IDG MEDAN","Medan","Sumatera Utara","JNE","","08:00 s/d 15:00
Senin - Jumat
Sabtu 08:00 s/d 13:00","(061) 7877 858 ","","","JL. SISINGAMANGARAJA 12 NO.3 KM6.5 
MEDAN AMPLAS
MEDAN 20147
SUMATERA UTARA INDONESIA",""
"MT","IDG PALEMBANG","KOTA PALEMBANG","SUMATERA SELATAN","JNE","","08:00 s/d 15:00
Senin - Jumat
Sabtu 08:00 s/d 13:00","(0711) 822 123
","","","JL. PANGERAN AYIN D/H NAJAMUDDIN NO.326
KEL. SUKAMAJU KEC. SUKO
PALEMBANG 30164
SUMATERA SELATAN INDONESIA ",""
"MT","IDG PEKANBARU","Pekanbaru","Riau","JNE","","08:00 s/d 15:00
Senin - Jumat
Sabtu 08:00 s/d 13:00","(0761) 564 641 
","","","JL. SOEKARNO HATTA (ARENGKA) NO.18
RT.01/RW.08 KEL. SIDOMULYA BARAT KEC. TAMPAN
KOTA PEKANBARU 28294
RIAU INDONESIA ",""
"MT","IDG PONTIANAK","Pontianak","Kalimantan Barat","PT. LESTARI JAYA RAYA","Rp. 9.000/kg
Min 50 kg = Rp. 450.000","08:00 s/d 15:00
Senin - Jumat
Sabtu 08:00 s/d 13:00","0","","","JL. ARTERI SUPADJO
RT.04/RW.08 DESA PARITBARU
KEC. SUNGAI RAYA KAB. KUBU RAYA
PONTIANAK 78391
",""
"MT","IDG SAMARINDA","KOTA SAMARINDA","Kalimantan Timur","PT. LESTARI JAYA RAYA","Rp. 9.000/kg
Min 50 kg = Rp. 450.000","08:00 s/d 15:00
Senin - Jumat
Sabtu 08:00 s/d 13:00","0541-7273369","Ade Ahlan","dc_mgr@smd.indomaret.id","JL. AW. SYAHRANIE NO.51
KEL. SEMPAJA SELATAN
SAMARINDA 75119
KALIMANTAN TIMUR INDONESIA 
",""
"MT","IDG SEMARANG","Semarang","Jawa Tengah","PT. LESTARI JAYA RAYA","Rp. 4.000/kg
Min 50 kg = Rp. 200.000","08:00 s/d 15:00
Senin - Jumat
Sabtu 08:00 s/d 13:00","024-76928282","","","JL. RAYA KALIGAWE 38 KM5.1
RT.001/RW.01 TERBOYO WETAN GENUK
SEMARANG 50112
JAWA TENGAH INDONESIA ",""
"MT","IDG SOLO","KABUPATEN KARANGANYAR","Jawa Tengah","JNE","","08:00 s/d 15:00
Senin - Jumat
Sabtu 08:00 s/d 13:00","0823 1488 8070","Aldi","","JL. RAYA SOLO - TAWANGMANGU KM7.2
DS. DAGEN KEC. JATEN KAB. KARANGANYAR
JAWA TENGAH SOLO 57731
JAWA TENGAH INDONESIA 
",""
"MT","IDG SURABAYA","Surabaya","Jawa Timur","PT. LESTARI JAYA RAYA","","08:00 s/d 15:00
Senin - Jumat
Sabtu 08:00 s/d 13:00","0","","","",""
"MT","IDG TANGERANG","KOTA TANGERANG","Banten","PT. SARWA MANGGALLA RAYA","","08:00 s/d 15:00
Senin - Jumat
Sabtu 08:00 s/d 13:00","(021) 591 5040 ","","","JL. GATOT SUBROTO KM.5 NO.4
JATI UWUNG TANGERANG 15134
BANTEN INDONESIA 
",""
"MT","IDG YOGYA","Yogyakarta","DI Yogyakarta","JNE","","08:00 s/d 15:00
Senin - Jumat
Sabtu 08:00 s/d 13:00","(0274) 622040","","","JL. RAYA MAGELANG KM.6
SINDUADI MLATI
SLEMAN 55284
DI YOGYAKARTA INDONESIA 
",""
"MT","IDM ACEH","ACEH","NANGGROE ACEH DARUSSALAM","PT Lion Express","","","(061)7877858","","","JL. LAKSAMANA MALAHAYATI
DS. BAET KEC. BAITUSSALAM
KAB. ACEH BESAR
ACEH ",""
"MT","IDM BALI","Badung","Bali","PT. LESTARI JAYA RAYA","Rp. 6.500 per kg minimal 50 kg atau Rp. 325.000","08:00 s/d 14:00
Senin - Jumat
Sabtu 08:00 s/d 12:00","0361-829288","Tania Ramansyah","dc_mgr@bli.indomaret.co.id","JL. I GUSTI NGURAH RAI (BADUNG SINGARAJA)
DESA WERDHI BUANA
MENGWI BADUNG 80351
BALI INDONESIA ",""
"MT","IDM BANDUNG","KOTA BANDUNG","Jawa Barat","PT. LESTARI JAYA RAYA","Rp. 3.500/kg
Min 50 kg = Rp. 175.000","08:00 s/d 14:00
Senin - Jumat
Sabtu 08:00 s/d 12:00","022-7215556, 7216408","Marchel S Kaligis","dc_mgr@bdg.indomaret.co.id","JL. JENDRAL AHMAD YANI NO. 806
(KOMP. TARUMATEX) KIARACONDONG
CICAHEUM BANDUNG 40282
JAWA BARAT INDONESIA ",""
"MT","IDM BANJARMASIN","Banjarmasin","Kalimantan Selatan","PT. LESTARI JAYA RAYA","Rp. 8.000,- /kg
Min 50 kg = Rp. 400.000,-","","","","","","arsy"
"MT","IDM BATAM","Batam","Kepulauan Riau","PT. ANUGERAH BERDIKARI SEJATI","FTZ = Rp. 700.000,-
ABS ongkos kirim = Rp. 260.000/m3","08:00 s/d 14:00
Senin - Jumat
Sabtu 08:00 s/d 12:00","0","Indra Nur Wijaya","dc_mgr@btm.indomaret.co.id","RUKO TRIKARSA EKUALITA I NO.1A&B
KEL. SADAI KEC. BENGKONG
BATAM 29432
",""
"MT","IDM BEKASI","KABUPATEN BEKASI","Jawa Barat","PT. SARWA MANGGALLA RAYA","","08:00 s/d 14:00
Senin - Jumat
Sabtu 08:00 s/d 12:00","021-89834999","Chigara Witesa","dc_mgr@bks.indomaret.co.id","JL. JABABEKA RAYA BLOK A NO.6-15
RT.004/RW.006 PASIR GOMBONG
CIKARANG UTARA INDUSTRIAL ESTATE BEKASI 17530
JAWA BARAT INDONESIA ",""
"MT","IDM BENGKULU","Bengkulu","Bengkulu","PT. LESTARI JAYA RAYA","Rp. 8.000,- /kg
Min 50 kg = Rp. 400.000,-","08:00 s/d 14:00
Senin - Jumat
Sabtu 08:00 s/d 12:00","","","","JL. DP NEGARA
KEL. BETUNGAN KEC. SELEBAR
BENGKULU",""
"MT","IDM BOGOR 1","KABUPATEN BOGOR","Jawa Barat","PT. SARWA MANGGALLA RAYA","","08:00 s/d 14:00
Senin - Jumat
Sabtu 08:00 s/d 12:00","021-87926050","Suparman","dc_mgr@bgr.indomaret.co.id","JL. RAYA ALTERNATIF SENTUL KM.46
KEL. CIJUJUNG KEC. SUKARAJA
BOGOR 16710
JAWA BARAT
",""
"MT","IDM BOGOR 2","KABUPATEN BOGOR","Jawa Barat","PT. SARWA MANGGALLA RAYA","","08:00 s/d 14:00
Senin - Jumat
Sabtu 08:00 s/d 12:00","021-29230458
","","dc_mgr@bgr2.indomaret.co.id","JL. RAYA BOGOR KM.46.7
KEL. NANGGEWER MEKAR KEC. CIBINONG
BOGOR 16912 ",""
"MT","IDM CIREBON","KABUPATEN CIREBON","Jawa Barat","PT. LESTARI JAYA RAYA","Rp. 3500/kg
Min 50 Kg = Rp. 175.000,-","08:00 s/d 14:00
Senin - Jumat
Sabtu 08:00 s/d 12:00","0231-247195, 247915","Eko Yulianto Wibowo","dc_mgr@crb.indomaret.co.id","JL. PANGERAN ANTASARI NO.189 BLOK GARDU
RT.02/RW.01 KEJUDEN-PLUMBON
KEC. DEPOK
CIREBON 45663
JAWA BARAT INDONESIA ",""
"MT","IDM DEPO BANGKA","PANGKAL PINANG","KEPULAUAN BANGKA","Indopaket","NET 30","","","","","JL. RAYA KETAPANG NO.777
KEL. TEMBERAN KEC. BUKIT INTAN
PANGKALPINANG
KEP. BANGKA 33684",""
"MT","IDM GRESIK","Gresik","Jawa Timur","PT. LESTARI JAYA RAYA","Rp. 6000/kg 
Min 50 kg /  Rp. 300.000,-","08:00 s/d 14:00
Senin - Jumat
Sabtu 08:00 s/d 12:00","031-3905234","Hari Kristiono","dc_mgr@grs.indomaret.co.id","JL. RAYA DUDUK SAMPEYAN
RT.11/RW.04 DESA AMBENG-WATANGREJO
KEC. DUDUK SAMPEYAN
GRESIK 61162
JAWA TIMUR INDONESIA 
",""
"MT","IDM JAKARTA 1","KOTA JAKARTA UTARA","DKI Jakarta","PT. SARWA MANGGALLA RAYA","","08:00 s/d 14:00
Senin - Jumat
Sabtu 08:00 s/d 12:00","021-6914478, 6914479, 6919971, 6919974
","Eriko Suman Sianturi","dc_mgr@jkt.indomaret.co.id","JL. ANCOL BARAT VIII NO. 2
JAKARTA UTARA 14430
DKI JAKARTA INDONESIA ",""
"MT","IDM JAKARTA 2","KOTA JAKARTA UTARA","DKI Jakarta","PT. SARWA MANGGALLA RAYA","","08:00 s/d 14:00
Senin - Jumat
Sabtu 08:00 s/d 12:00","021-26073770","Setiawan Gunadi","dc_mgr@jkt2.indomaret.co.id","JL. ANCOL BARAT 8 NO.2
JAKARTA UTARA 14430
DKI JAKARTA",""
"MT","IDM JATI TERNATE","TERNATE SELATAN","MALUKU UTARA","Indopaket","NET 30","","","","","JL. SANTO PETRO JEMBATAN 6 NAIK KEDARA
KALUMATA TERNATE SELATAN 97718 
MALUKU UTARA",""
"MT","IDM JEMBER","Jember","Jawa Timur","PT. LESTARI JAYA RAYA","Rp. 6500/kg
Min 50kg = Rp. 325.000,-","08:00 s/d 14:00
Senin - Jumat
Sabtu 08:00 s/d 12:00","0331-326000","Agus Sunaryo","dc_mgr@jbr.indomaret.co.id","JL. PIERRE TENDEAN NO.99A
DUSUN TEGAL BAI KEL. KARANGREJO KEC. SUMBERSARI
JEMBER 68127
JAWA TIMUR INDONESIA 
",""
"MT","IDM JOMBANG","Jombang","Jawa Timur","PT. LESTARI JAYA RAYA","Rp. 6500.-/kg
Min 50kg = Rp. 325.000,-","08:00 s/d 14:00
Senin - Jumat
Sabtu 08:00 s/d 12:00","031-8420642
","Andik Erwanto","dc_mgr@jbg.indomaret.co.id","JL. PETERONGAN KM71.3
DESA CANDI Desa SSAMBIREJO KEC. JOGOROTO
JOMBANG 61485",""
"MT","IDM KLATEN","KABUPATEN KLATEN","Jawa Tengah","PT. LESTARI JAYA RAYA","Rp. 4500,-/kg
Min 50kg = Rp. 225.000,-","08:00 s/d 14:00
Senin - Jumat
Sabtu 08:00 s/d 12:00","0","","","JL. RAYA PENGGUNG-JATINOM
DESA BLENCERAN KEC. KARANGANOM
KAB. KLATEN
",""
"MT","IDM LAMPUNG","BANDAR LAMPUNG","LAMPUNG","PT. LESTARI JAYA RAYA","Rp. 6500,-
50 kg = Rp. 325.000,-","08:00 s/d 14:00
Senin - Jumat
Sabtu 08:00 s/d 12:00"," 0721-7699123","Arif Indarto","dc_mgr@bdl.indomaret.co.id","JL. TEMBESU NO.8
DESA CAMPANG RAYA KALI BALOK
KEDAMAIAN BANDAR LAMPUNG 35132
LAMPUNG INDONESIA",""
"MT","IDM LEBAK","Lebak","Banten","PT. LESTARI JAYA RAYA","Rp. 4000 /kg
Min 50kg = Rp. 200.000,-","08:00 s/d 14:00
Senin - Jumat
Sabtu 08:00 s/d 12:00","0","","","JL. RAYA RANGKASBITUNG PANDEGLANG KM.12
RT.14/RW.05 KP CIBUAH KERTA MUKTI
BANTEN LEBAK 42352
",""
"MT","IDM LOMBOK","Lombok Tengah","Nusa Tenggara Barat","PT. LESTARI JAYA RAYA","Rp. 10.000,- / kg
Min 50 kg = Rp. 500.000,-","08:00 s/d 14:00
Senin - Jumat
Sabtu 08:00 s/d 12:00","0","Gilang Teguh Raharjo","dc_mgr@lbk.indomaret.co.id","JL. BY PASS BANDARA INTERNATIONAL
LBK DESA BATUJAI
KEL. UNGGA KEC. PRAYA BARAT DAYA
LOMBOK TENGAH 83571",""
"MT","IDM MAKASSAR","KOTA MAKASSAR","SULAWESI SELATAN","PT. LESTARI JAYA RAYA","Rp. 7500,- / kg
min 50kg = Rp. 350.000","08:00 s/d 14:00
Senin - Jumat
Sabtu 08:00 s/d 12:00","0411-510009 ","Dody Prasetyo Nugroho","dc_mgr@mks.indomaret.co.id","JL. KIMA 10 BLOK A5-A5A
KEC. BIRINGKAYANA
MAKASSAR 90243
SULAWESI SELATAN",""
"MT","IDM MALANG","Malang","Jawa Timur","PT. LESTARI JAYA RAYA","Rp. 5500,-/kg
Min 50 Kg = Rp. 275.000,-","08:00 s/d 14:00
Senin - Jumat
Sabtu 08:00 s/d 12:00","0341-752000, 751902","E Hanan Kurniadi","dc_mgr@mlg.indomaret.co.id","JL. MAYJEND SUNGKONO NO.99
RT.001/RW.002 KEL. WONOKOYO KEC. KEDUNG KANDANG
MALANG 65135
JAWA TIMUR INDONESIA ",""
"MT","IDM MANADO","Manado","Sulawesi Utara","PT. LESTARI JAYA RAYA","Rp. 14.000,-/kg
Min 50 Kg = Rp. 700.000,-","08:00 s/d 14:00
Senin - Jumat
Sabtu 08:00 s/d 12:00","0431-811220","Endik Umbara Prihadi","dc_mgr@mdo.indomaret.co.id","JL. RAYA MANADO - BITYNG
PERUM WATUTUMOU PERMAI JAGA 1
DESA KAWANGKOAN BARU
KEC. KALAWAT MINAHASA UTARA
MANADO 95378
SULAWESI UTARA INDONESIA ",""
"MT","IDM MANADO BARU","KOTA MANADO","SULAWESI UTARA","Indopaket","NET 30","","","","","Komp. Gudang Puskud Blok A2 
Jl. RY. Manado Bitung, Kolongan Tetempangan Jaga 7, Kalawat. 
Manado  
Sulawesi Utara",""
"MT","IDM MEDAN","Deli Serdang","Sumatera Utara","PT. LESTARI JAYA RAYA","Rp. 8000 /kg
Min 50kg = Rp. 400.000,-","08:00 s/d 14:00
Senin - Jumat
Sabtu 08:00 s/d 12:00","061-7941224","Puguh Suparmo","dc_mgr@mdn.indomaret.co.id","JL. INDUSTRI NO.60
KEL. TANJUNG MORAWA B
KEC. TANJUNG MORAWA
DELI SERDANG 20582
SUMATERA UTARA INDONESIA 
",""
"MT","IDM PALEMBANG","KOTA PALEMBANG","SUMATERA SELATAN","PT. LESTARI JAYA RAYA","Rp. 6.000,- /kg
Min 50 Kg = Rp. 300.000,-","08:00 s/d 14:00
Senin - Jumat
Sabtu 08:00 s/d 12:00","0711-822006","Kharisma Dany Praditya","dc_mgr@plg.indomaret.co.id","JL. PANGERAN AYIN NO.326
RT.005/RW.003 KEL. SUKAMAJU KEC. SAKO
PALEMBANG 30164
SUMATERA SELATAN INDONESIA 
",""
"MT","IDM PALOPO","KOTA MAKASSAR","SULAWESI SELATAN","PT. LESTARI JAYA RAYA","","","0411510009","Bapak Dody Prasetyo Nugroho","dc_mgr@mks.indomaret.co.id","JL. POROS MAKASSAR
PALOPO DESA KARANG-KARANGAN
PALOPO",""
"MT","IDM PARUNG","KABUPATEN BOGOR","Jawa Barat","PT. SARWA MANGGALLA RAYA","","08:00 s/d 14:00
Senin - Jumat
Sabtu 08:00 s/d 12:00","021-7563078
","Arieska Wahyu Kurniawan","dc_mgr@prg.indomaret.co.id","JL. PEMBANGUNAN RAYA GUNUNG SINDUR NO.21A
RT.001/RW.02 GUNUNG SINDUR
BOGOR 16340
JAWA BARAT INDONESIA ",""
"MT","IDM PEKANBARU","Pekanbaru","Riau","PT. LESTARI JAYA RAYA","Rp. 6.000,-/kg
Min 50 kg = Rp. 300.000,-","08:00 s/d 14:00
Senin - Jumat
Sabtu 08:00 s/d 12:00","0761-8440000","Perdana Aritonang","dc_mgr@pku.indomaret.co.id","JL. RAYA TERATAK BULUH NO.88
LINTAS PEKANBARU TELUK KUANTAN
KEC. SIAK HULU KAMPAR
PEKANBARU 28452
RIAU INDONESIA 
",""
"MT","IDM PONTIANAK","Pontianak","Kalimantan Barat","PT. LESTARI JAYA RAYA","Rp. 9.000/kg
Min 50 kg = Rp. 450.000","08:00 s/d 14:00
Senin - Jumat
Sabtu 08:00 s/d 12:00","0","","","",""
"MT","IDM PONTIANAK BARU","KABUPATEN KUBU RAYA","KALIMANTAN BARAT","Indopaket","NET 30","","","","","Jl. ARTERI SUPADIO
RT.004 RW.008 
DESA JL.PARIT BARU SUNGAI RAYA, KAB.KUBU RAYA KALIMANTAN BARAT

",""
"MT","IDM PURWAKARTA","KABUPATEN PURWAKARTA","Jawa Barat","PT. LESTARI JAYA RAYA","Rp. 4.000.- / kg
Min 50kg = Rp. 200.000,-","08:00 s/d 14:00
Senin - Jumat
Sabtu 08:00 s/d 12:00","0264-8281905","Eko Khris Biyantoro","dc_mgr@pwk.indomaret.co.id","KAWASAN KOTA BUKIT INDAH
SEKTOR N BLOK NI/5
CIKAMPEK PURWAKARTA 41181
",""
"MT","IDM SAMARINDA","KOTA SAMARINDA","KALIMANTAN TIMUR","PAXEL","COD","","","","","JL. EKONOMI NO.1
DESA LOA BUAH 
KEC. SUNGAI KUNJANG
KODYA SAMARINDA",""
"MT","IDM SEMARANG","Semarang","Jawa Tengah","PT. LESTARI JAYA RAYA","Rp. 4.000,-/kg
Min 50kg = Rp. 200.000,-","08:00 s/d 14:00
Senin - Jumat
Sabtu 08:00 s/d 12:00","024-8665660, 8665657, 8665658
","","","JL. INDUSTRI TUGU I KAV.2-4
KAWASAN INDUSTRI TUGU WIJAYA KUSUMA RANDU GARUT
TUGU SEMARANG 50010
JAWA TENGAH INDONESIA",""
"MT","IDM SEWA MANADO","MANADO","SULAWESI UTARA","PT Lion Express","","","","","","Komp. Gudang Puskud Blok A2 
Jl. RY. Manado Bitung, Kolongan Tetempangan Jaga 7, Kalawat. 
Manado  ",""
"MT","IDM SURABAYA","Surabaya","Jawa Timur","PT. LESTARI JAYA RAYA","Rp. 5.000,-/kg
Min 50 kg = Rp. 250.000,-","08:00 s/d 14:00
Senin - Jumat
Sabtu 08:00 s/d 12:00","","","","JL. JENGGALA NO.22
SIDOARJO JAWA TIMUR 61254",""
"MT","IDM TANGERANG 1","KOTA TANGERANG","Banten","PT. SARWA MANGGALLA RAYA","","08:00 s/d 14:00
Senin - Jumat
Sabtu 08:00 s/d 12:00","021-55657616","Akhamad Rokhan","dc_mgr@tgr.indomaret.co.id","JL. RAYA SERANG KM.9 NO.1A
RT.03/RW.01 ZONA INDUSTRI MANIS
KELl. KADU KEC. CURUG
TANGERANG 15810 BANTEN INDONESIA 
",""
"MT","IDM TANGERANG 2","KOTA TANGERANG","Banten","PT. SARWA MANGGALLA RAYA","","08:00 s/d 14:00
Senin - Jumat
Sabtu 08:00 s/d 12:00","021-55654999","Indaryanto","dc_mgr@tgr2.indomaret.co.id","JL. GATOT SOEBROTO KM.9
RT.003/RW.001 KEL. KADE-BITUNG KEC. CURUG
TANGERANG 15810
BANTEN INDONESIA ",""
"MT","IDM YOGYA","Yogyakarta","DI Yogyakarta","PT. LESTARI JAYA RAYA","Rp. 4.500 per kg minimal 50 kg atau Rp. 225.000","08:00 s/d 14:00
Senin - Jumat
Sabtu 08:00 s/d 12:00","0274-6499300","Agus Budiyantoro","dc_mgr@yog.indomaret.co.id","PT. INDOMARCO PRISMATAMA
JL. RINGROAD BARAT NO.99
PADUKUHAN SALAKAN RT.008/RW.026 TRIHANGGO
GAMPING SLEMAN 55514
DI YOGYAKARTA INDONESIA ",""
"MT","KF 436 Golden Vienna","KOTA TANGERANG SELATAN","Banten","PT. SARWA MANGGALLA RAYA","","","0","","","",""
"MT","KF 47 OSHCS","KOTA JAKARTA SELATAN","DKI Jakarta","PT. SARWA MANGGALLA RAYA","","","0","","","",""
"MT","KF 474 Blossom","KOTA TANGERANG","Banten","PT. SARWA MANGGALLA RAYA","","","0","","","",""
"MT","KF ABIANBASE","Denpasar","Bali","JNE","","","0","","","",""
"MT","KF Alang Lebar","KOTA PALEMBANG","SUMATERA SELATAN","JNE","","","0","","","",""
"MT","KF ARJAWINANGUN","KABUPATEN CIREBON","Jawa Barat","PT. LESTARI JAYA RAYA","","","0","","","",""
"MT","KF Balongsari Tama","Surabaya","Jawa Timur","JNE","","","0","","","",""
"MT","KF BAMBUAPUS","KOTA JAKARTA TIMUR","DKI Jakarta","PT. SARWA MANGGALLA RAYA","","","0","","","",""
"MT","KF Bandara SMB-II Palembang","KOTA PALEMBANG","SUMATERA SELATAN","JNE","","","0","","","",""
"MT","KF Bantul","Yogyakarta","DI Yogyakarta","JNE","","","0","","","",""
"MT","KF BANYU URIP","Surabaya","Jawa Timur","JNE","","","0","","","",""
"MT","KF Batuan Gianyar","Denpasar","Bali","JNE","","","0","","","",""
"MT","KF Bhakti Kencana","Bandung","Jawa Barat","PT. LESTARI JAYA RAYA","","","0","","","",""
"MT","KF Bhayangkara Cilegon","Serang","Banten","JNE","","","0","","","",""
"MT","KF Bintang Seminyak","Nusa Dua","Bali","JNE","","","0","","","",""
"MT","KF BIO PRIMA","Palangkaraya","Kalimantan Tengah","JNE","","","","","","","arsy"
"MT","KF BITUBULAN","Gianyar","Bali","JNE","","","0","","","",""
"MT","KF Bojong Soang","Bandung","Jawa Barat","PT. LESTARI JAYA RAYA","","","0","","","",""
"MT","KF Bondowoso","JEMBER","JAWA TIMUR","PT Lion Express","","","","","","Jl. Letnan Sugiono No. 27
Kali Nangkaan, Dabasah, Kec. Bondowoso
Jember 68211 
Jawa Timur",""
"MT","KF Brebah","Yogyakarta","DI Yogyakarta","JNE","","","0","","","",""
"MT","KF Buah Batu 251","Bandung","Jawa Barat","PT. LESTARI JAYA RAYA","","","0","","","",""
"MT","KF Camplung Tanduk","Nusa Dua","Bali","JNE","","","0","","","",""
"MT","KF CEMPAKA PUTIH","KOTA JAKARTA TIMUR","DKI Jakarta","PT. SARWA MANGGALLA RAYA","","","0","","","",""
"MT","KF Cengkeh","KOTA PADANG","Sumatera Barat","JNE","","","0","","","",""
"MT","KF Cibanteng","KABUPATEN BOGOR","Jawa Barat","PT. SARWA MANGGALLA RAYA","","","0","","","",""
"MT","KF CIHANJUANG","KOTA CIMAHI","Jawa Barat","PT. LESTARI JAYA RAYA","","","0","","","",""
"MT","KF Cijerah","Bandung","Jawa Barat","PT. LESTARI JAYA RAYA","","","0","","","",""
"MT","KF Cilodong","KOTA DEPOK","Jawa Barat","PT. SARWA MANGGALLA RAYA","","","0","","","",""
"MT","KF Cipayung","KABUPATEN BOGOR","Jawa Barat","PT. SARWA MANGGALLA RAYA","","","0","","","",""
"MT","KF CIPOCOK","Cilegon","Banten","PT. SARWA MANGGALLA RAYA","","","0","","","",""
"MT","KF Citeureup","KABUPATEN BOGOR","Jawa Barat","PT. SARWA MANGGALLA RAYA","","","0","","","",""
"MT","KF Cokroaminoto","KOTA TANGERANG","Banten","PT. SARWA MANGGALLA RAYA","","","0","","","",""
"MT","KF Curug","KOTA TANGERANG","Banten","PT. SARWA MANGGALLA RAYA","","","0","","","",""
"MT","KF DALUNG","Badung","Bali","JNE","","","0","","","",""
"MT","KF Danau Buyan","Denpasar","Bali","JNE","","","0","","","",""
"MT","KF Dewi Sri II","Denpasar","Bali","JNE","","","0","","","",""
"MT","KF Dharmahusada","Surabaya","Jawa Timur","JNE","","","0","","","",""
"MT","KF Duren Tiga","KOTA JAKARTA SELATAN","DKI Jakarta","PT. SARWA MANGGALLA RAYA","","","0","","","",""
"MT","KF Echo Beach","Nusa Dua","Bali","JNE","","","0","","","",""
"MT","KF G Sangiang 3","Denpasar","Bali","JNE","","","0","","","",""
"MT","KF GATSU 3","Denpasar","Bali","JNE","","","0","","","",""
"MT","KF Gede Bage","Bandung","Jawa Barat","PT. LESTARI JAYA RAYA","","","0","","","",""
"MT","KF Geger Kalong","Bandung","Jawa Barat","PT. LESTARI JAYA RAYA","","","0","","","",""
"MT","KF GREEN PRAMUKA","KOTA JAKARTA TIMUR","DKI Jakarta","PT. SARWA MANGGALLA RAYA","","","0","","","",""
"MT","KF Halim","KOTA JAKARTA TIMUR","DKI Jakarta","PT. SARWA MANGGALLA RAYA","","","0","","","",""
"MT","KF HAMKA","Padang","Sumatera Barat","JNE","","","0","","","",""
"MT","KF Han Kam","KOTA BEKASI","Jawa Barat","PT. SARWA MANGGALLA RAYA","","","0","","","",""
"MT","KF Hotel Holiday In Express","KOTA JAKARTA TIMUR","DKI Jakarta","PT. SARWA MANGGALLA RAYA","","","0","","","",""
"MT","KF HR Muhammad","Surabaya","Jawa Timur","JNE","","","0","","","",""
"MT","KF Jakal 3.6","Yogyakarta","DI Yogyakarta","JNE","","","0","","","",""
"MT","KF Jati Mekar","KOTA BEKASI","Jawa Barat","PT. SARWA MANGGALLA RAYA","","","0","","","",""
"MT","KF Jati Rahayu","KOTA BEKASI","Jawa Barat","PT. SARWA MANGGALLA RAYA","","","0","","","",""
"MT","KF JATIBARANG","KABUPATEN INDRAMAYU","Jawa Barat","PT. LESTARI JAYA RAYA","","","0","","","",""
"MT","KF Jatibening","KOTA BEKASI","Jawa Barat","PT. SARWA MANGGALLA RAYA","","","0","","","",""
"MT","KF Jatimakmur","KOTA BEKASI","Jawa Barat","PT. SARWA MANGGALLA RAYA","","","0","","","",""
"MT","KF Juanda Cirebon","KABUPATEN CIREBON","Jawa Barat","PT. LESTARI JAYA RAYA","","","0","","","",""
"MT","KF Kahfi","KOTA JAKARTA SELATAN","DKI Jakarta","PT. SARWA MANGGALLA RAYA","","","0","","","",""
"MT","KF Kali Abang Bekasi","KOTA BEKASI","Jawa Barat","PT. SARWA MANGGALLA RAYA","","","0","","","",""
"MT","KF KALIDONI","KOTA PALEMBANG","SUMATERA SELATAN","JNE","","","0","","","",""
"MT","KF Kalimalang","KOTA BEKASI","Jawa Barat","PT. SARWA MANGGALLA RAYA","","","0","","","",""
"MT","KF Kalimanggis","KOTA BEKASI","Jawa Barat","PT. SARWA MANGGALLA RAYA","","","0","","","",""
"MT","KF Kampung Utan","KOTA TANGERANG SELATAN","Banten","PT. SARWA MANGGALLA RAYA","","","0","","","",""
"MT","KF KARANG AMPEL","Indramayu","Jawa Barat","PT. LESTARI JAYA RAYA","","","0","","","",""
"MT","KF Kartika Plaza II","Nusa Dua","Bali","JNE","","","0","","","",""
"MT","KF Katili","KABUPATEN BOGOR","Jawa Barat","PT. SARWA MANGGALLA RAYA","","","0","","","",""
"MT","KF Kenjeran","Surabaya","Jawa Timur","JNE","","","0","","","",""
"MT","KF Kerobokan II","Nusa Dua","Bali","JNE","","","0","","","",""
"MT","KF Ketintang","Surabaya","Jawa Timur","JNE","","","0","","","",""
"MT","KF KHM. Kholil Bangkalan","Madura","Jawa Timur","JNE","","","0","","","",""
"MT","KF Kopo 75","Bandung","Jawa Barat","PT. LESTARI JAYA RAYA","","","","","","","arsy"
"MT","KF Kopo 76","Bandung","Jawa Barat","PT. LESTARI JAYA RAYA","","","0","","","",""
"MT","KF Kukusan","KOTA DEPOK","Jawa Barat","PT. SARWA MANGGALLA RAYA","","","0","","","",""
"MT","KF KUPANG JAYA","Surabaya","Jawa Timur","JNE","","","0","","","",""
"MT","KF Kusumanegara","Yogyakarta","DI Yogyakarta","JNE","","","0","","","",""
"MT","KF Lapai","Padang","Sumatera Barat","JNE","","","0","","","",""
"MT","KF Lemabang Palembang","KOTA PALEMBANG","SUMATERA SELATAN","JNE","","","0","","","",""
"MT","KF Lengkong","Bandung","Jawa Barat","PT. LESTARI JAYA RAYA","","","0","","","",""
"MT","KF Manukan Tama II","Surabaya","Jawa Timur","JNE","","","0","","","",""
"MT","KF Margacinta","Bandung","Jawa Barat","PT. LESTARI JAYA RAYA","","","0","","","",""
"MT","KF Marlboro","Denpasar","Bali","JNE","","","0","","","",""
"MT","KF MARTADINATA","KOTA CIREBON","Jawa Barat","PT. LESTARI JAYA RAYA","","","0","","","",""
"MT","KF MAYJEN SUNGKONO","Surabaya","Jawa Timur","JNE","","","0","","","",""
"MT","KF Medrisio","KOTA TANGERANG","Banten","PT. SARWA MANGGALLA RAYA","","","0","","","",""
"MT","KF Meguwo","Yogyakarta","DI Yogyakarta","JNE","","","0","","","",""
"MT","KF Mekar Sari","KOTA BEKASI","Jawa Barat","PT. SARWA MANGGALLA RAYA","","","0","","","",""
"MT","KF MELASTI","Badung","Bali","JNE","","","0","","","",""
"MT","KF Menur Pumpungan","Surabaya","Jawa Timur","JNE","","","0","","","",""
"MT","KF MERUYUNG","KOTA DEPOK","Jawa Barat","PT. SARWA MANGGALLA RAYA","","","0","","","",""
"MT","KF Metland","KABUPATEN BOGOR","Jawa Barat","PT. SARWA MANGGALLA RAYA","","","0","","","",""
"MT","KF MGT","KOTA BEKASI","Jawa Barat","PT. SARWA MANGGALLA RAYA","","","0","","","",""
"MT","KF Monang Maning 3","Denpasar","Bali","JNE","","","0","","","",""
"MT","KF Nakula","Nusa Dua","Bali","JNE","","","0","","","",""
"MT","KF Nginden","Surabaya","Jawa Timur","JNE","","","0","","","",""
"MT","KF Padang Luih","Denpasar","Bali","JNE","","","0","","","",""
"MT","KF Pahlawan Revolusi","KOTA JAKARTA TIMUR","DKI Jakarta","PT. SARWA MANGGALLA RAYA","","","0","","","",""
"MT","KF Palagan Tengah","Yogyakarta","DI Yogyakarta","JNE","","","0","","","",""
"MT","KF Parung","KABUPATEN BOGOR","Jawa Barat","PT. SARWA MANGGALLA RAYA","","","0","","","",""
"MT","KF Pecindilan","Surabaya","Jawa Timur","JNE","","","0","","","",""
"MT","KF PEKAPURAN","KOTA DEPOK","Jawa Barat","PT. SARWA MANGGALLA RAYA","","","0","","","",""
"MT","KF Pel RS Asa Medika","BANDAR LAMPUNG","LAMPUNG","JNE","","","0","","","",""
"MT","KF Pel RS Bhayangkara","Padang","Sumatera Barat","JNE","","","0","","","",""
"MT","KF Pepito Ayana","Nusa Dua","Bali","JNE","","","0","","","",""
"MT","KF PEPITO CANGU","Badung","Bali","JNE","","","0","","","",""
"MT","KF PEPITO GWK","Badung","Bali","JNE","","","0","","","",""
"MT","KF PEPITO ND","Badung","Bali","JNE","","","0","","","",""
"MT","KF Pepito Prerenan","Nusa Dua","Bali","JNE","","","0","","","",""
"MT","KF Perigi Jombang","KOTA TANGERANG","Banten","PT. SARWA MANGGALLA RAYA","","","0","","","",""
"MT","KF Perumnas I","KOTA BEKASI","Jawa Barat","PT. SARWA MANGGALLA RAYA","","","0","","","",""
"MT","KF PETANGPULUHAN","Yogyakarta","DI Yogyakarta","JNE","","","0","","","",""
"MT","KF PONDASI","KOTA JAKARTA PUSAT","DKI Jakarta","PT. SARWA MANGGALLA RAYA","","","0","","","",""
"MT","KF Pondok Ungu","KOTA BEKASI","Jawa Barat","PT. SARWA MANGGALLA RAYA","","","0","","","",""
"MT","KF Prambanan","Yogyakarta","DI Yogyakarta","JNE","","","0","","","",""
"MT","KF Pringsewu Lampung","BANDAR LAMPUNG","LAMPUNG","JNE","","","0","","","",""
"MT","KF Purwomartani","Yogyakarta","DI Yogyakarta","JNE","","","0","","","",""
"MT","KF PUSDIKLAT","KOTA JAKARTA TIMUR","DKI Jakarta","PT. SARWA MANGGALLA RAYA","","","0","","","",""
"MT","KF Rawa Lumbu","KOTA BEKASI","Jawa Barat","PT. SARWA MANGGALLA RAYA","","","0","","","",""
"MT","KF RS DKT","BANDAR LAMPUNG","LAMPUNG","JNE","","","0","","","",""
"MT","KF RS Kalbu Intan","Pangkal Pinang","Kepulauan Bangka Belitung","JNE","","","0","","","",""
"MT","KF Rungkut Baru","Surabaya","Jawa Timur","JNE","","","0","","","",""
"MT","KF SALEMBA","KOTA JAKARTA PUSAT","DKI Jakarta","PT. SARWA MANGGALLA RAYA","","","0","","","",""
"MT","KF Sampang","Surabaya","Jawa Timur","JNE","","","0","","","",""
"MT","KF Semebaung Gianyar","Gianyar","Bali","JNE","","","0","","","",""
"MT","KF SEMPIDI","Badung","Bali","JNE","","","0","","","",""
"MT","KF SENTOSA","KOTA DEPOK","Jawa Barat","PT. SARWA MANGGALLA RAYA","","","0","","","",""
"MT","KF Setia Budi","KOTA TANGERANG","Banten","PT. SARWA MANGGALLA RAYA","","","0","","","",""
"MT","KF Sindang Laut","KOTA CIREBON","Jawa Barat","PT. LESTARI JAYA RAYA","","","0","","","",""
"MT","KF Siwalankerto","Surabaya","Jawa Timur","JNE","","","0","","","",""
"MT","KF SKIP","KOTA PALEMBANG","SUMATERA SELATAN","JNE","","","0","","","",""
"MT","KF SOETTA TERMINAL 4","KOTA TANGERANG","Banten","PT. SARWA MANGGALLA RAYA","","","0","","","",""
"MT","KF Soreang","Bandung","Jawa Barat","PT. LESTARI JAYA RAYA","","","0","","","",""
"MT","KF Sorosutan","Yogyakarta","DI Yogyakarta","JNE","","","0","","","",""
"MT","KF Srandakan","Yogyakarta","DI Yogyakarta","JNE","","","0","","","",""
"MT","KF Sudirman","Jember","Jawa Timur","JNE","","","","","","","arsy"
"MT","KF Sultan Agung","KOTA BEKASI","Jawa Barat","PT. SARWA MANGGALLA RAYA","","","0","","","",""
"MT","KF Sumenep","Madura","Jawa Timur","JNE","","","0","","","",""
"MT","KF SUNSET ROAD","Badung","Bali","JNE","","","0","","","",""
"MT","KF T ISKANDAR","KOTA DEPOK","Jawa Barat","PT. SARWA MANGGALLA RAYA","","","0","","","",""
"MT","KF TABANAN 4","Tabanan","Bali","JNE","","","0","","","",""
"MT","KF Tabanan 5","Tabanan","Bali","JNE","","","0","","","",""
"MT","KF TABING","Padang","Sumatera Barat","JNE","","","0","","","",""
"MT","KF Taman Tekno BSD","KOTA TANGERANG SELATAN","Banten","PT. SARWA MANGGALLA RAYA","","","0","","","",""
"MT","KF TAMBLINGAN 3","Sanur","Bali","JNE","","","0","","","",""
"MT","KF Telaga Bestari","KOTA TANGERANG","Banten","PT. SARWA MANGGALLA RAYA","","","0","","","",""
"MT","KF Teluk Naga","KOTA TANGERANG","Banten","PT. SARWA MANGGALLA RAYA","","","0","","","",""
"MT","KF Terminal 1A","KOTA TANGERANG","Banten","PT. SARWA MANGGALLA RAYA","","","0","","","",""
"MT","KF Terminal 2E","KOTA TANGERANG","Banten","PT. SARWA MANGGALLA RAYA","","","0","","","",""
"MT","KF Terminal 3 Domestic","KOTA TANGERANG","Banten","PT. SARWA MANGGALLA RAYA","","","0","","","",""
"MT","KF Titibumi","Yogyakarta","DI Yogyakarta","JNE","","","0","","","",""
"MT","KF Trans Studio Mall","KOTA DEPOK","Jawa Barat","PT. SARWA MANGGALLA RAYA","","","0","","","",""
"MT","KF Tubagus","Bandung","Jawa Barat","PT. LESTARI JAYA RAYA","","","0","","","",""
"MT","KF Tukad Yeh Aya","Denpasar","Bali","JNE","","","0","","","",""
"MT","KF Tunjungan Plaza","Surabaya","Jawa Timur","JNE","","","0","","","",""
"MT","KF UBUD 5","Gianyar","Bali","JNE","","","0","","","",""
"MT","KF Ubud 5 Pengosekan","Gianyar","Bali","JNE","","","0","","","",""
"MT","KF ULUWATU UNGASAN","Badung","Bali","JNE","","","0","","","",""
"MT","KF Umalas","Nusa Dua","Bali","JNE","","","0","","","",""
"MT","KF Undaan","Surabaya","Jawa Timur","JNE","","","0","","","",""
"MT","KF Wahid Hasyim","Yogyakarta","DI Yogyakarta","JNE","","","0","","","",""
"MT","KF Wiyung 2","Surabaya","Jawa Timur","JNE","","","","","","",""
"MT","KF Wiyung 3","Surabaya","Jawa Timur","JNE","","","0","","","",""
"MT","KF Zamrud 3","KOTA BEKASI","Jawa Barat","PT. SARWA MANGGALLA RAYA","","","0","","","",""
"MT","KF.  Kali Urang","Yogyakarta","DI Yogyakarta","JNE","","","0","","","",""
"MT","KF. 0026","Surabaya","Jawa Timur","JNE","","","","","","",""
"MT","KF. 0031","Tanjung Pinang","Riau","JNE","","","","","","","arsy"
"MT","KF. 0032","Pontianak","Kalimantan Barat","PT. LESTARI JAYA RAYA","","","","","","","arsy"
"MT","KF. 0056","Balikpapan","Kalimantan Timur","PT. LESTARI JAYA RAYA","","","","","","","arsy"
"MT","KF. 0074","Manado","Sulawesi Utara","PT. LESTARI JAYA RAYA","","","","","","","arsy"
"MT","KF. 0119 SIDOARJO","Sidoarjo","Jawa Timur","PT. LESTARI JAYA RAYA","","","","","","",""
"MT","KF. 0121","Jember","Jawa Timur","JNE","","","","","","","arsy"
"MT","KF. 0135","Kupang","Nusa Tenggara Timur","PT. LESTARI JAYA RAYA","","","","","","","arsy"
"MT","KF. 0274 PAMEKASAN","Pamekasan","Jawa Timur","JNE","","","","","","",""
"MT","KF. 0313 Kampus","Jember","Jawa Timur","JNE","","","","","","",""
"MT","KF. 0371","Pontianak","Kalimantan Barat","PT. LESTARI JAYA RAYA","","","","","","","arsy"
"MT","KF. 0419 TRUNOJOYO","Madura","Jawa Timur","JNE","","","","","","",""
"MT","KF. 0470 BLAMBANGAN","Banyuwangi","Jawa Timur","JNE","","","","","","","arsy"
"MT","KF. 0477","Pontianak","Kalimantan Barat","PT. LESTARI JAYA RAYA","","","","","","","arsy"
"MT","KF. 0483 G OBOS","Palangkaraya","Kalimantan Tengah","JNE","","","","","","","arsy"
"MT","KF. 0522 PROBOLINGGO","Probolinggo","Jawa Timur","PT. LESTARI JAYA RAYA","","","","","","","arsy"
"MT","KF. 0525","Pontianak","Kalimantan Barat","PT. LESTARI JAYA RAYA","","","","","","","arsy"
"MT","KF. 0727","Waringin Barat","Kalimantan Tengah","JNE","","","","","","","arsy"
"MT","KF. 0853","JEMBER","JAWA TIMUR","PT Lion Express","","","","","","Jl. Brawijaya No. 14 B 
Muncar Banyuwangi 68472
Jember  
",""
"MT","KF. 333","Pontianak","Kalimantan Barat","PT. LESTARI JAYA RAYA","","","","","","","arsy"
"MT","KF. 448 CIBUBUR TRANSYOGI","KOTA JAKARTA TIMUR","DKI Jakarta","PT. SARWA MANGGALLA RAYA","","","","","","","arsy"
"MT","KF. 450 CIBUBUR LAP TEMBAK","KOTA JAKARTA TIMUR","DKI Jakarta","PT. SARWA MANGGALLA RAYA","","","","","","","arsy"
"MT","KF. 512 MALAKASARI","KOTA JAKARTA TIMUR","DKI Jakarta","PT. SARWA MANGGALLA RAYA","","","","","","",""
"MT","KF. 529","KOTA JAKARTA TIMUR","DKI Jakarta","PT. SARWA MANGGALLA RAYA","","","","","","","arsy"
"MT","KF. 562","KOTA JAKARTA UTARA","DKI Jakarta","PT. SARWA MANGGALLA RAYA","","","","","","","arsy"
"MT","KF. 565","Pontianak","Kalimantan Barat","PT. LESTARI JAYA RAYA","","","","","","","arsy"
"MT","KF. 616","KOTA JAKARTA TIMUR","DKI Jakarta","PT. SARWA MANGGALLA RAYA","","","","","","","arsy"
"MT","KF. 617","KOTA JAKARTA TIMUR","DKI Jakarta","PT. SARWA MANGGALLA RAYA","","","","","","","arsy"
"MT","KF. ANTASARI PALANGKARAYA","Palangkaraya","Kalimantan Tengah","JNE","","","","","","","arsy"
"MT","KF. Ayip Usman","Serang","Banten","PT. SARWA MANGGALLA RAYA","","","0","","","",""
"MT","KF. Banyu Urip II","Surabaya","Jawa Timur","JNE","","","0","","","",""
"MT","KF. BENDUL MERISI","Surabaya","Jawa Timur","JNE","","","0","","","",""
"MT","KF. Benowo","Surabaya","Jawa Timur","JNE","","","0","","","",""
"MT","KF. BUNTOK","Barito Selatan","Kalimantan Tengah","JNE","","","","","","","arsy"
"MT","KF. Burlian","KOTA PALEMBANG","SUMATERA SELATAN","JNE","","","0","","","",""
"MT","KF. Cibarusa","KABUPATEN BEKASI","Jawa Barat","PT. SARWA MANGGALLA RAYA","","","0","","","",""
"MT","KF. Ciledug Cirebon","KABUPATEN CIREBON","Jawa Barat","PT. LESTARI JAYA RAYA","","","","","","JL. RAYA CILEDUG
KAB. CIREBON",""
"MT","KF. CIMANGGIS CENTER","KOTA DEPOK","Jawa Barat","PT. SARWA MANGGALLA RAYA","","","0","","","",""
"MT","KF. DANAU SENTARUM","Pontianak","Kalimantan Barat","PT. LESTARI JAYA RAYA","","","","","","","arsy"
"MT","KF. DIPO","Bandung","Jawa Barat","PT. LESTARI JAYA RAYA","","","","","","","arsy"
"MT","KF. GAMBIR","KOTA JAKARTA PUSAT","DKI Jakarta","PT. SARWA MANGGALLA RAYA","","","","","","","arsy"
"MT","KF. GERILYA","KOTA SAMARINDA","Kalimantan Timur","JNE","","","","","","JL. GERILYA RUKO 1B/1C 
KEL. SUNGAI PINANG DALAM KEC. SUNGAI PINANG KOTA
SAMARINDA 75242 
KALIMANTAN TIMUR","arsy"
"MT","KF. Grand Centro Bintaro","KOTA TANGERANG","Banten","PT. SARWA MANGGALLA RAYA","","","0","","","",""
"MT","KF. Greenlake","KOTA TANGERANG","Banten","PT. SARWA MANGGALLA RAYA","","","0","","","",""
"MT","KF. HAYAMWURUK","Yogyakarta","DI Yogyakarta","JNE","","","0","","","",""
"MT","KF. JAJAG","Banyuwangi","Jawa Timur","JNE","","","","","","","arsy"
"MT","KF. JATINANGOR","Sumedang","Jawa Barat","PT. LESTARI JAYA RAYA","","","0","","","",""
"MT","KF. JATIWANGI","KABUPATEN MAJALENGKA","Jawa Barat","PT. LESTARI JAYA RAYA","","","0","","","",""
"MT","KF. JAWI","Pontianak","Kalimantan Barat","PT. LESTARI JAYA RAYA","","","","","","","arsy"
"MT","KF. JDS","Gorontalo","Gorontalo","JNE","","","","","","","arsy"
"MT","KF. JERUJU","Pontianak","Kalimantan Barat","PT. LESTARI JAYA RAYA","","","","","","","arsy"
"MT","KF. KALIBOKOR","Surabaya","Jawa Timur","JNE","","","","","","",""
"MT","KF. Kapas Krampung","Surabaya","Jawa Timur","JNE","","","0","","","",""
"MT","KF. KEBON SARI","Surabaya","Jawa Timur","JNE","","","","","","",""
"MT","KF. Koposari","Bandung","Jawa Barat","PT. LESTARI JAYA RAYA","","","0","","","",""
"MT","KF. KUMAI","Waringin Barat","Kalimantan Tengah","JNE","","","","","","","arsy"
"MT","KF. Kusuma Bangsa","Surabaya","Jawa Timur","JNE","","","0","","","",""
"MT","KF. LEMAH ABANG","KABUPATEN BEKASI","Jawa Barat","PT. SARWA MANGGALLA RAYA","","","0","","","",""
"MT","KF. LEMBANG","Bandung","Jawa Barat","PT. LESTARI JAYA RAYA","","","0","","","",""
"MT","KF. Lubuk Alung","Padang","Sumatera Barat","JNE","","","0","","","",""
"MT","KF. M Toha","Bandung","Jawa Barat","JNE","","","022-4201596","","","JL. RAYA MOH TOHA NO.274 BANDUNG
CISEUREUH KEC. REGOL
BANDUNG 40243
JAWA BARAT",""
"MT","KF. Mayang","Kota Baru","Jambi","JNE","","","","","","",""
"MT","KF. Meruya","KOTA JAKARTA BARAT","DKI Jakarta","PT. SARWA MANGGALLA RAYA","","","0","","","",""
"MT","KF. MT HARYONO","Balikpapan","Jawa Timur","JNE","","","","","","","arsy"
"MT","KF. Pasaman","Padang","Sumatera Barat","JNE","","","0","","","",""
"MT","KF. Pejuang Jaya","KOTA BEKASI","Jawa Barat","PT. SARWA MANGGALLA RAYA","","","0","","","",""
"MT","KF. Pemuda","Bukit Tinggi","Sumatera Barat","JNE","","","0","","","",""
"MT","KF. Plaju","KOTA PALEMBANG","SUMATERA SELATAN","JNE","","","0","","","",""
"MT","KF. PONDOK BENDA","KOTA TANGERANG","Banten","PT. SARWA MANGGALLA RAYA","","","0","","","",""
"MT","KF. Pondok Betung","KOTA TANGERANG SELATAN","Banten","PT. SARWA MANGGALLA RAYA","","","0","","","",""
"MT","KF. Pondok Kacang","KOTA TANGERANG SELATAN","Banten","PT. SARWA MANGGALLA RAYA","","","0","","","",""
"MT","KF. PURNAMA","Pontianak","Kalimantan Barat","PT. LESTARI JAYA RAYA","","","","","","","arsy"
"MT","KF. PUTRI TUNGGAL","KOTA DEPOK","Jawa Barat","PT. SARWA MANGGALLA RAYA","","","0","","","",""
"MT","KF. R.Soekamto","KOTA PALEMBANG","SUMATERA SELATAN","JNE","","","0","","","",""
"MT","KF. Raden Fatah","KOTA TANGERANG","Banten","PT. SARWA MANGGALLA RAYA","","","0","","","",""
"MT","KF. Rogojampi","Banyuwangi","Jawa Timur","PT Lion Express","","","","","","JL. RAYA ROGOJAMPI
RUKO CENTER NIAGA NO.A-3
MARAS ROGOJAMPI",""
"MT","KF. SAIGON","Pontianak","Kalimantan Barat","PT. LESTARI JAYA RAYA","","","","","","","arsy"
"MT","KF. Sariwangi","Bandung","Jawa Barat","PT. LESTARI JAYA RAYA","","","0","","","",""
"MT","KF. Sbrang Padang","Padang","Sumatera Barat","JNE","","","0","","","",""
"MT","KF. SEMARANG","Semarang","Jawa Tengah","PT. LESTARI JAYA RAYA","","","","","","","arsy"
"MT","KF. SERUNI","Pontianak","Kalimantan Barat","PT. LESTARI JAYA RAYA","","","","","","","arsy"
"MT","KF. SETHADJI","Palangkaraya","Kalimantan Tengah","JNE","","","","","","","arsy"
"MT","KF. SIDOARUM","Yogyakarta","DI Yogyakarta","JNE","","","0","","","",""
"MT","KF. SITUBONDO","Situbondo","Jawa Timur","JNE","","","","","","","arsy"
"MT","KF. SOETA","Padang","Sumatera Barat","JNE","","","0","","","",""
"MT","KF. Stasiun Bandung","Bandung","Jawa Barat","JNE","","","022-4201596","","","JL. STASIUN SELATAN NO. 25
KB. JERUK KEC. ANDIR
BANDUNG 40181
JAWA BARAT","Arsy"
"MT","KF. Sudirman","KOTA PALEMBANG","SUMATERA SELATAN","JNE","","","0","","","",""
"MT","KF. Sudirman Cirebon","KABUPATEN KUNINGAN","Jawa Barat","PT. LESTARI JAYA RAYA","","","0","","","",""
"MT","KF. Sukaraja","KABUPATEN BOGOR","Jawa Barat","PT. SARWA MANGGALLA RAYA","","","0","","","",""
"MT","KF. Sumpah Pemuda","KOTA PALEMBANG","SUMATERA SELATAN","JNE","","","0","","","",""
"MT","KF. TASIKMALAYA","Tasikmalaya","Jawa Barat","PT. LESTARI JAYA RAYA","","","","","","",""
"MT","KF. THE ICON BSD","KOTA TANGERANG SELATAN","Banten","PT. SARWA MANGGALLA RAYA","","","0","","","",""
"MT","KF. Tirtayasa","BANDAR LAMPUNG","LAMPUNG","JNE","","","0","","","",""
"MT","KF. Ubud 3 HANOMAN","Gianyar","Bali","JNE","","","0","","","",""
"MT","KF. UMB Bengkulu","Bengkulu","Bengkulu","JNE","","","0","","","",""
"MT","KF. VETERAN","KOTA JAKARTA PUSAT","DKI Jakarta","PT. SARWA MANGGALLA RAYA","","","","","","","arsy"
"MT","KF. Warung Buncit","KOTA JAKARTA SELATAN","DKI Jakarta","PT. SARWA MANGGALLA RAYA","","","0","","","",""
"MT","KF. Wisma Asri","KOTA BEKASI","Jawa Barat","PT. SARWA MANGGALLA RAYA","","","0","","","",""
"MT","KF. Wonosari","Yogyakarta","DI Yogyakarta","JNE","","","0","","","",""
"MT","KF.0001","KOTA JAKARTA PUSAT","DKI Jakarta","PT. SARWA MANGGALLA RAYA","","","0","","","",""
"MT","KF.0002","KOTA JAKARTA PUSAT","DKI Jakarta","PT. SARWA MANGGALLA RAYA","","","0","","","",""
"MT","KF.0003","Serang","Banten","PT. SARWA MANGGALLA RAYA","","","0","","","",""
"MT","KF.0004","KOTA JAKARTA TIMUR","DKI Jakarta","PT. SARWA MANGGALLA RAYA","","","0","","","",""
"MT","KF.0005","KOTA JAKARTA PUSAT","DKI Jakarta","PT. SARWA MANGGALLA RAYA","","","0","","","",""
"MT","KF.0006 Pejompongan","KOTA JAKARTA PUSAT","DKI Jakarta","PT. SARWA MANGGALLA RAYA","","","0","","","",""
"MT","KF.0007 Juanda","KOTA BOGOR","Jawa Barat","PT. SARWA MANGGALLA RAYA","","","0","","","",""
"MT","KF.0010","Bandung","Jawa Barat","PT. LESTARI JAYA RAYA","","","0","","","",""
"MT","KF.0011","Bandung","Jawa Barat","PT. LESTARI JAYA RAYA","","","0","","","",""
"MT","KF.0012","Bandung","Jawa Barat","PT. LESTARI JAYA RAYA","","","0","","","",""
"MT","KF.0014","Bandung","Jawa Barat","PT. LESTARI JAYA RAYA","","","0","","","",""
"MT","KF.0021","Yogyakarta","DI Yogyakarta","JNE","","","0","","","",""
"MT","KF.0022 UPN","Surabaya","Jawa Timur","JNE","","","0","","","",""
"MT","KF.0023 Kendangsari","Surabaya","Jawa Timur","JNE","","","0","","","",""
"MT","KF.0024 Dharmawangsa","Surabaya","Jawa Timur","JNE","","","0","","","",""
"MT","KF.0025 Darmo 2-5","Surabaya","Jawa Timur","JNE","","","0","","","",""
"MT","KF.0027","Surabaya","Jawa Timur","JNE","","","0","","","",""
"MT","KF.0035","Denpasar","Bali","JNE","","","0","","","",""
"MT","KF.0035 Ngagel","Surabaya","Jawa Timur","JNE","","","0","","","",""
"MT","KF.0040","KOTA CIREBON","Jawa Barat","PT. LESTARI JAYA RAYA","","","","","","","arsy"
"MT","KF.0041","KOTA CIREBON","Jawa Barat","PT. LESTARI JAYA RAYA","","","0","","","",""
"MT","KF.0042 Blok M","KOTA JAKARTA SELATAN","DKI Jakarta","PT. SARWA MANGGALLA RAYA","","","0","","","",""
"MT","KF.0043","Bandung","Jawa Barat","PT. LESTARI JAYA RAYA","","","0","","","",""
"MT","KF.0045 Darmo 95","Surabaya","Jawa Timur","JNE","","","0","","","",""
"MT","KF.0046","KOTA JAKARTA UTARA","DKI Jakarta","PT. SARWA MANGGALLA RAYA","","","0","","","",""
"MT","KF.0047 Radal","KOTA JAKARTA SELATAN","DKI Jakarta","PT. SARWA MANGGALLA RAYA","","","0","","","",""
"MT","KF.0048","KOTA JAKARTA TIMUR","DKI Jakarta","PT. SARWA MANGGALLA RAYA","","","0","","","",""
"MT","KF.0049","KOTA JAKARTA TIMUR","DKI Jakarta","PT. SARWA MANGGALLA RAYA","","","0","","","",""
"MT","KF.0050","KABUPATEN BOGOR","Jawa Barat","PT. SARWA MANGGALLA RAYA","","","0","","","",""
"MT","KF.0051","Bandung","Jawa Barat","PT. LESTARI JAYA RAYA","","","0","","","",""
"MT","KF.0052","Surabaya","Jawa Timur","JNE","","","0","","","",""
"MT","KF.0055 Keb Lama","KOTA JAKARTA SELATAN","DKI Jakarta","PT. SARWA MANGGALLA RAYA","","","0","","","",""
"MT","KF.0058","Bandung","Jawa Barat","PT. LESTARI JAYA RAYA","","","0","","","",""
"MT","KF.0062","Jember","Jawa Timur","PT. LESTARI JAYA RAYA","","","","","","","arsy"
"MT","KF.0064","Yogyakarta","DI Yogyakarta","JNE","","","0","","","",""
"MT","KF.0066 Pattimura","Denpasar","Bali","JNE","","","0","","","",""
"MT","KF.0070","Yogyakarta","DI Yogyakarta","JNE","","","0","","","",""
"MT","KF.0072","Bengkulu","Bengkulu","JNE","","","0","","","",""
"MT","KF.0078","KOTA TANGERANG","Banten","PT. SARWA MANGGALLA RAYA","","","0","","","",""
"MT","KF.0080","KOTA PALEMBANG","SUMATERA SELATAN","JNE","","","0","","","",""
"MT","KF.0082","Badung","Bali","JNE","","","0","","","",""
"MT","KF.0094","Padang","Sumatera Barat","JNE","","","0","","","",""
"MT","KF.0095","KOTA TANGERANG SELATAN","Banten","PT. SARWA MANGGALLA RAYA","","","0","","","",""
"MT","KF.0096 Slipi","KOTA JAKARTA BARAT","DKI Jakarta","PT. SARWA MANGGALLA RAYA","","","0","","","",""
"MT","KF.0102 Tabanan","Tabanan","Bali","JNE","","","0","","","",""
"MT","KF.0108 Teuku Umar","Denpasar","Bali","JNE","","","0","","","",""
"MT","KF.0110","KOTA BOGOR","Jawa Barat","PT. SARWA MANGGALLA RAYA","","","0","","","",""
"MT","KF.0113 Tajur Lama","KOTA BOGOR","Jawa Barat","PT. SARWA MANGGALLA RAYA","","","0","","","",""
"MT","KF.0115","KOTA TANGERANG SELATAN","Banten","PT. SARWA MANGGALLA RAYA","","","0","","","",""
"MT","KF.0118","Pangkal Pinang","Kepulauan Bangka Belitung","JNE","","","0","","","",""
"MT","KF.0125 Singaraja","Buleleng","Bali","JNE","","","0","","","",""
"MT","KF.0126","Badung","Bali","JNE","","","0","","","",""
"MT","KF.0127","Bandung","Jawa Barat","PT. LESTARI JAYA RAYA","","","0","","","",""
"MT","KF.0130","Sorong","Papua","JNE","","","","","","","arsy"
"MT","KF.0131","BANDAR LAMPUNG","LAMPUNG","JNE","","","0","","","",""
"MT","KF.0140","Cilegon","Banten","PT. SARWA MANGGALLA RAYA","","","0","","","",""
"MT","KF.0141 Kesambi","KOTA CIREBON","Jawa Barat","PT. LESTARI JAYA RAYA","","","0","","","",""
"MT","KF.0143","KOTA DEPOK","Jawa Barat","PT. SARWA MANGGALLA RAYA","","","0","","","",""
"MT","KF.0146","Bukit Tinggi","Sumatera Barat","JNE","","","0","","","",""
"MT","KF.0147","KOTA JAKARTA TIMUR","DKI Jakarta","PT. SARWA MANGGALLA RAYA","","","0","","","",""
"MT","KF.0152 Ps Minggu","KOTA JAKARTA SELATAN","DKI Jakarta","PT. SARWA MANGGALLA RAYA","","","0","","","",""
"MT","KF.0154 Gatsu","Denpasar","Bali","JNE","","","0","","","",""
"MT","KF.0156","Denpasar","Bali","JNE","","","0","","","",""
"MT","KF.0157","Badung","Bali","JNE","","","0","","","",""
"MT","KF.0166","Surabaya","Jawa Timur","JNE","","","0","","","",""
"MT","KF.0167 Bumi Waras","KOTA CIMAHI","Jawa Barat","PT. LESTARI JAYA RAYA","","","0","","","",""
"MT","KF.0173 Sanur","Denpasar","Bali","JNE","","","0","","","",""
"MT","KF.0175","Surabaya","Jawa Timur","JNE","","","0","","","",""
"MT","KF.0190 Ubud","Gianyar","Bali","JNE","","","0","","","",""
"MT","KF.0192 G Sangiang","Denpasar","Bali","JNE","","","0","","","",""
"MT","KF.0193","KOTA JAKARTA TIMUR","DKI Jakarta","PT. SARWA MANGGALLA RAYA","","","0","","","",""
"MT","KF.0198","KOTA JAKARTA PUSAT","DKI Jakarta","PT. SARWA MANGGALLA RAYA","","","0","","","",""
"MT","KF.0200 Tohpati","Denpasar","Bali","JNE","","","0","","","",""
"MT","KF.0202","KOTA DEPOK","Jawa Barat","PT. SARWA MANGGALLA RAYA","","","0","","","",""
"MT","KF.0204","Bandung","Jawa Barat","PT. LESTARI JAYA RAYA","","","0","","","",""
"MT","KF.0207","Yogyakarta","DI Yogyakarta","JNE","","","0","","","",""
"MT","KF.0209 Rosarum","KOTA PALEMBANG","SUMATERA SELATAN","JNE","","","0","","","",""
"MT","KF.0211 Sesetan","Denpasar","Bali","JNE","","","0","","","",""
"MT","KF.0219 St Gintung","KOTA TANGERANG SELATAN","Banten","PT. SARWA MANGGALLA RAYA","","","0","","","",""
"MT","KF.0221","Bengkulu","Bengkulu","JNE","","","0","","","",""
"MT","KF.0222","BANDAR LAMPUNG","LAMPUNG","JNE","","","0","","","",""
"MT","KF.0232 Seminyak","Badung","Bali","JNE","","","0","","","",""
"MT","KF.0235 Imam B","Denpasar","Bali","JNE","","","0","","","",""
"MT","KF.0236 Taman Griya","Badung","Bali","JNE","","","0","","","",""
"MT","KF.0238","Padang","Sumatera Barat","JNE","","","0","","","",""
"MT","KF.0239 Diatari","KOTA PALEMBANG","SUMATERA SELATAN","JNE","","","0","","","",""
"MT","KF.0240","Bandung","Jawa Barat","PT. LESTARI JAYA RAYA","","","0","","","",""
"MT","KF.0241","JEMBER","JAWA TIMUR","PT Lion Express","","","","","","Jl. Panglima Sudirman No. 46
Kp. Using, Jemberlor, Kec. Patrang
Jember 68118 
Jawa Timur
",""
"MT","KF.0242 Kuta","Badung","Bali","JNE","","","0","","","",""
"MT","KF.0243","Surabaya","Jawa Timur","JNE","","","0","","","",""
"MT","KF.0253","Serang","Banten","PT. SARWA MANGGALLA RAYA","","","0","","","",""
"MT","KF.0254 Pos Pengumbe","KOTA JAKARTA BARAT","DKI Jakarta","PT. SARWA MANGGALLA RAYA","","","0","","","",""
"MT","KF.0256","BANDAR LAMPUNG","LAMPUNG","JNE","","","0","","","",""
"MT","KF.0267 Bintaro","KOTA JAKARTA SELATAN","DKI Jakarta","PT. SARWA MANGGALLA RAYA","","","0","","","",""
"MT","KF.0268 PCI","Cilegon","Banten","PT. SARWA MANGGALLA RAYA","","","0","","","",""
"MT","KF.0276 Manyar","Denpasar","Bali","JNE","","","0","","","",""
"MT","KF.0278 Versailes","KOTA TANGERANG SELATAN","Banten","PT. SARWA MANGGALLA RAYA","","","0","","","",""
"MT","KF.0282 Ks Tubun","KOTA JAKARTA BARAT","DKI Jakarta","PT. SARWA MANGGALLA RAYA","","","0","","","",""
"MT","KF.0284 Narogong","KOTA BEKASI","Jawa Barat","PT. SARWA MANGGALLA RAYA","","","0","","","",""
"MT","KF.0285 Way Halim","BANDAR LAMPUNG","LAMPUNG","JNE","","","0","","","",""
"MT","KF.0286 Padang Asri","Denpasar","Bali","JNE","","","0","","","",""
"MT","KF.0289","Bandung","Jawa Barat","PT. LESTARI JAYA RAYA","","","0","","","",""
"MT","KF.0295","KOTA JAKARTA TIMUR","DKI Jakarta","PT. SARWA MANGGALLA RAYA","","","0","","","",""
"MT","KF.0296 Modernland","KOTA TANGERANG","Banten","PT. SARWA MANGGALLA RAYA","","","0","","","",""
"MT","KF.0298 Benhil","KOTA JAKARTA PUSAT","DKI Jakarta","PT. SARWA MANGGALLA RAYA","","","0","","","",""
"MT","KF.0304","Surabaya","Jawa Timur","JNE","","","0","","","",""
"MT","KF.0307","Banyuwangi","Jawa Timur","JNE","","","","","","","arsy"
"MT","KF.0318 KMC","BANDAR LAMPUNG","LAMPUNG","JNE","","","0","","","",""
"MT","KF.0319","Bandung","Jawa Barat","PT. LESTARI JAYA RAYA","","","0","","","",""
"MT","KF.0320 Amanah","Bandung","Jawa Barat","PT. LESTARI JAYA RAYA","","","0","","","",""
"MT","KF.0322 Villa Dago","KOTA TANGERANG SELATAN","Banten","PT. SARWA MANGGALLA RAYA","","","0","","","",""
"MT","KF.0327 Anda","BANDAR LAMPUNG","LAMPUNG","JNE","","","0","","","",""
"MT","KF.0330 Harapan Inda","KOTA BEKASI","Jawa Barat","PT. SARWA MANGGALLA RAYA","","","0","","","",""
"MT","KF.0340 Cikarang","KABUPATEN BEKASI","Jawa Barat","PT. SARWA MANGGALLA RAYA","","","0","","","",""
"MT","KF.0342 Semanan","KOTA JAKARTA BARAT","DKI Jakarta","PT. SARWA MANGGALLA RAYA","","","0","","","",""
"MT","KF.0345 Rachmat","KOTA JAKARTA SELATAN","DKI Jakarta","PT. SARWA MANGGALLA RAYA","","","0","","","",""
"MT","KF.0346","KOTA JAKARTA TIMUR","DKI Jakarta","PT. SARWA MANGGALLA RAYA","","","0","","","",""
"MT","KF.0347 Pekayon","KOTA BEKASI","Jawa Barat","PT. SARWA MANGGALLA RAYA","","","0","","","",""
"MT","KF.0348 Dramaga","KABUPATEN BOGOR","Jawa Barat","PT. SARWA MANGGALLA RAYA","","","0","","","",""
"MT","KF.0350 Kelapa Gading","KOTA JAKARTA UTARA","DKI Jakarta","PT. SARWA MANGGALLA RAYA","","","0","","","",""
"MT","KF.0352 Margonda","KOTA DEPOK","Jawa Barat","PT. SARWA MANGGALLA RAYA","","","0","","","",""
"MT","KF.0355 Pasteur","Bandung","Jawa Barat","PT. LESTARI JAYA RAYA","","","0","","","",""
"MT","KF.0356","Bandung","Jawa Barat","PT. LESTARI JAYA RAYA","","","0","","","",""
"MT","KF.0357","KOTA CIREBON","Jawa Barat","PT. LESTARI JAYA RAYA","","","","","","","arsy"
"MT","KF.0358","KOTA CIREBON","Jawa Barat","PT. LESTARI JAYA RAYA","","","0","","","",""
"MT","KF.0359 Otista","KOTA JAKARTA TIMUR","DKI Jakarta","PT. SARWA MANGGALLA RAYA","","","0","","","",""
"MT","KF.0360","Sumedang","Jawa Barat","PT. LESTARI JAYA RAYA","","","0","","","",""
"MT","KF.0363","KOTA BOGOR","Jawa Barat","PT. SARWA MANGGALLA RAYA","","","0","","","",""
"MT","KF.0364 Santa","KOTA JAKARTA SELATAN","DKI Jakarta","PT. SARWA MANGGALLA RAYA","","","0","","","",""
"MT","KF.0366 Maharaja","KOTA DEPOK","Jawa Barat","PT. SARWA MANGGALLA RAYA","","","0","","","",""
"MT","KF.0367 Jati Asih","KOTA BEKASI","Jawa Barat","PT. SARWA MANGGALLA RAYA","","","0","","","",""
"MT","KF.0369 Tuparev","KABUPATEN CIREBON","Jawa Barat","PT. LESTARI JAYA RAYA","","","0","","","",""
"MT","KF.0372","Payakumbuh","Sumatera Barat","JNE","","","0","","","",""
"MT","KF.0375 Kartini","KOTA DEPOK","Jawa Barat","PT. SARWA MANGGALLA RAYA","","","0","","","",""
"MT","KF.0376 Tj. Benoa","Badung","Bali","JNE","","","0","","","",""
"MT","KF.0380 Fanta","Bandung","Jawa Barat","PT. LESTARI JAYA RAYA","","","0","","","",""
"MT","KF.0381 Rafa","Bandung","Jawa Barat","PT. LESTARI JAYA RAYA","","","0","","","",""
"MT","KF.0382 K3","KOTA DEPOK","Jawa Barat","PT. SARWA MANGGALLA RAYA","","","0","","","",""
"MT","KF.0384 Legian","Badung","Bali","JNE","","","0","","","",""
"MT","KF.0386","Padang","Sumatera Barat","JNE","","","0","","","",""
"MT","KF.0387 Pondok Gede","KOTA BEKASI","Jawa Barat","PT. SARWA MANGGALLA RAYA","","","0","","","",""
"MT","KF.0389","KOTA DEPOK","Jawa Barat","PT. SARWA MANGGALLA RAYA","","","0","","","",""
"MT","KF.0391","KOTA DEPOK","Jawa Barat","PT. SARWA MANGGALLA RAYA","","","0","","","",""
"MT","KF.0394 Siliwangi","KOTA DEPOK","Jawa Barat","PT. SARWA MANGGALLA RAYA","","","0","","","",""
"MT","KF.0398 Dempo","KOTA PALEMBANG","SUMATERA SELATAN","JNE","","","0","","","",""
"MT","KF.0399 Kebon Bawang","KOTA JAKARTA UTARA","DKI Jakarta","PT. SARWA MANGGALLA RAYA","","","0","","","",""
"MT","KF.0400 Galaxy","KOTA BEKASI","Jawa Barat","PT. SARWA MANGGALLA RAYA","","","0","","","",""
"MT","KF.0405 Subang","Subang","Jawa Barat","PT. LESTARI JAYA RAYA","","","0","","","",""
"MT","KF.0406 Jamal","Yogyakarta","DI Yogyakarta","JNE","","","0","","","",""
"MT","KF.0407 MULYO","Surabaya","Jawa Timur","JNE","","","0","","","",""
"MT","KF.0412 Dsix","Badung","Bali","JNE","","","0","","","",""
"MT","KF.0414 Gunung Agung","Denpasar","Bali","JNE","","","0","","","",""
"MT","KF.0415 Petitenget","Badung","Bali","JNE","","","0","","","",""
"MT","KF.0416 Sentul","Yogyakarta","DI Yogyakarta","JNE","","","0","","","",""
"MT","KF.0421 Jaya","KOTA PALEMBANG","SUMATERA SELATAN","JNE","","","0","","","",""
"MT","KF.0422 Sumber","KABUPATEN CIREBON","Jawa Barat","PT. LESTARI JAYA RAYA","","","0","","","",""
"MT","KF.0424 Jimbaran","Badung","Bali","JNE","","","0","","","",""
"MT","KF.0429 CMR","Bandung","Jawa Barat","PT. LESTARI JAYA RAYA","","","0","","","",""
"MT","KF.0432 Pandugo","Surabaya","Jawa Timur","JNE","","","0","","","",""
"MT","KF.0446 Narogong","KABUPATEN BOGOR","Jawa Barat","PT. SARWA MANGGALLA RAYA","","","0","","","",""
"MT","KF.0447 Cirendeu","KOTA JAKARTA SELATAN","DKI Jakarta","PT. SARWA MANGGALLA RAYA","","","0","","","",""
"MT","KF.0452 Cilandak","KOTA JAKARTA SELATAN","DKI Jakarta","PT. SARWA MANGGALLA RAYA","","","0","","","",""
"MT","KF.0456 Cinere","KOTA DEPOK","Jawa Barat","PT. SARWA MANGGALLA RAYA","","","0","","","",""
"MT","KF.0457 Alam Sutera","KOTA TANGERANG SELATAN","Banten","PT. SARWA MANGGALLA RAYA","","","0","","","",""
"MT","KF.0459 Lidah Wetan","Surabaya","Jawa Timur","JNE","","","0","","","",""
"MT","KF.0460 Gwalk","Surabaya","Jawa Timur","JNE","","","0","","","",""
"MT","KF.0461 Tambun","KABUPATEN BEKASI","Jawa Barat","PT. SARWA MANGGALLA RAYA","","","0","","","",""
"MT","KF.0466 Granwis","KABUPATEN BEKASI","Jawa Barat","PT. SARWA MANGGALLA RAYA","","","0","","","",""
"MT","KF.0467 Antasari","BANDAR LAMPUNG","LAMPUNG","JNE","","","0","","","",""
"MT","KF.0471 Celentang","KOTA PALEMBANG","SUMATERA SELATAN","JNE","","","0","","","",""
"MT","KF.0472 A Ayani","Serang","Banten","PT. SARWA MANGGALLA RAYA","","","0","","","",""
"MT","KF.0473 Boulevard","KOTA TANGERANG","Banten","PT. SARWA MANGGALLA RAYA","","","0","","","",""
"MT","KF.0475 Beringin","KOTA TANGERANG","Banten","PT. SARWA MANGGALLA RAYA","","","0","","","",""
"MT","KF.0476 Citra","KOTA TANGERANG","Banten","PT. SARWA MANGGALLA RAYA","","","0","","","",""
"MT","KF.0478 Symphoni","KOTA PALEMBANG","SUMATERA SELATAN","JNE","","","0","","","",""
"MT","KF.0480 Prabumulih","Prabumulih","Sumatera Selatan","JNE","","","0","","","",""
"MT","KF.0485 Ciliwung","Surabaya","Jawa Timur","JNE","","","0","","","",""
"MT","KF.0486 Jatimulya","KOTA BEKASI","Jawa Barat","PT. SARWA MANGGALLA RAYA","","","0","","","",""
"MT","KF.0491 Sawangan","KOTA DEPOK","Jawa Barat","PT. SARWA MANGGALLA RAYA","","","0","","","",""
"MT","KF.0493 GN Jati Kesa","KOTA CIREBON","Jawa Barat","PT. LESTARI JAYA RAYA","","","0","","","",""
"MT","KF.0494 Beji","KOTA DEPOK","Jawa Barat","PT. SARWA MANGGALLA RAYA","","","0","","","",""
"MT","KF.0495 Buah Batu","Bandung","Jawa Barat","PT. LESTARI JAYA RAYA","","","0","","","",""
"MT","KF.0497 TKI","Bandung","Jawa Barat","PT. LESTARI JAYA RAYA","","","0","","","",""
"MT","KF.0498 Sindang Laya","Bandung","Jawa Barat","PT. LESTARI JAYA RAYA","","","0","","","",""
"MT","KF.0503 Suta","Pangkal Pinang","Kepulauan Bangka Belitung","JNE","","","0","","","",""
"MT","KF.0504 Kuningan","Kuningan","Jawa Barat","PT. LESTARI JAYA RAYA","","","0","","","",""
"MT","KF.0506 Galuh","KOTA BEKASI","Jawa Barat","PT. SARWA MANGGALLA RAYA","","","0","","","",""
"MT","KF.0507 Cibitung","KABUPATEN BEKASI","Jawa Barat","PT. SARWA MANGGALLA RAYA","","","0","","","",""
"MT","KF.0508 Nusantara","KOTA BEKASI","Jawa Barat","PT. SARWA MANGGALLA RAYA","","","0","","","",""
"MT","KF.0509 Kemang","KOTA BEKASI","Jawa Barat","PT. SARWA MANGGALLA RAYA","","","0","","","",""
"MT","KF.0510 Lt.Ag","KOTA JAKARTA SELATAN","DKI Jakarta","PT. SARWA MANGGALLA RAYA","","","0","","","",""
"MT","KF.0511 Klampis","Surabaya","Jawa Timur","JNE","","","0","","","",""
"MT","KF.0520 TBN3","Tabanan","Bali","JNE","","","0","","","",""
"MT","KF.0522 Probolinggo","Probolinggo","Jawa Timur","PT Lion Express","","","","","","JL. DR. SUTOMO NO.213
MANGUNHARJO KEC. MAYANGAN",""
"MT","KF.0524 Banteng","Yogyakarta","DI Yogyakarta","JNE","","","0","","","",""
"MT","KF.0526 RUNGKUT","Surabaya","Jawa Timur","JNE","","","0","","","",""
"MT","KF.0527 Srengseng","KOTA JAKARTA BARAT","DKI Jakarta","PT. SARWA MANGGALLA RAYA","","","0","","","",""
"MT","KF.0530 Alai","Padang","Sumatera Barat","JNE","","","0","","","",""
"MT","KF.0531 Perumnas","KOTA CIREBON","Jawa Barat","PT. LESTARI JAYA RAYA","","","0","","","",""
"MT","KF.0532 SINGA3","Singaraja","Bali","JNE","","","0","","","",""
"MT","KF.0534 Cahaya Ameli","KOTA BEKASI","Jawa Barat","PT. SARWA MANGGALLA RAYA","","","0","","","",""
"MT","KF.0535 Ciputat Raya","KOTA JAKARTA SELATAN","DKI Jakarta","PT. SARWA MANGGALLA RAYA","","","0","","","",""
"MT","KF.0536 Cisoka Ex Cibodas","KOTA TANGERANG","Banten","PT. SARWA MANGGALLA RAYA","","","0","","","",""
"MT","KF.0537 Lubuk Lingga","KOTA PALEMBANG","SUMATERA SELATAN","JNE","","","0","","","",""
"MT","KF.0538 Rama","KOTA PALEMBANG","SUMATERA SELATAN","JNE","","","0","","","",""
"MT","KF.0539 Sudirman S L","Pangkal Pinang","Kepulauan Bangka Belitung","JNE","","","0","","","",""
"MT","KF.0540 Semabung","Pangkal Pinang","Kepulauan Bangka Belitung","JNE","","","0","","","",""
"MT","KF.055 OSHCS","KOTA JAKARTA SELATAN","DKI Jakarta","PT. SARWA MANGGALLA RAYA","","","0","","","",""
"MT","KF.0550 Taman Palem","KOTA JAKARTA BARAT","DKI Jakarta","PT. SARWA MANGGALLA RAYA","","","0","","","",""
"MT","KF.0551 Bosih","KABUPATEN BEKASI","Jawa Barat","PT. SARWA MANGGALLA RAYA","","","0","","","",""
"MT","KF.0552 Pilar","KOTA BEKASI","Jawa Barat","PT. SARWA MANGGALLA RAYA","","","0","","","",""
"MT","KF.0553 Rahayu","Bandar Jaya","Lampung","JNE","","","0","","","",""
"MT","KF.0558 Nifido","KOTA PALEMBANG","SUMATERA SELATAN","JNE","","","0","","","",""
"MT","KF.0559 Balaraja","KOTA TANGERANG","Banten","PT. SARWA MANGGALLA RAYA","","","0","","","",""
"MT","KF.0560 Kelapa Dua","KOTA TANGERANG","Banten","PT. SARWA MANGGALLA RAYA","","","0","","","",""
"MT","KF.0561 Graha Raya","KOTA TANGERANG SELATAN","Banten","PT. SARWA MANGGALLA RAYA","","","0","","","",""
"MT","KF.0563 Utama","KOTA JAKARTA BARAT","DKI Jakarta","PT. SARWA MANGGALLA RAYA","","","0","","","",""
"MT","KF.0568 Bojong Sari","KOTA DEPOK","Jawa Barat","PT. SARWA MANGGALLA RAYA","","","0","","","",""
"MT","KF.0573 Amalia","KOTA PALEMBANG","SUMATERA SELATAN","JNE","","","0","","","",""
"MT","KF.0575 Shaleh Ali","KOTA TANGERANG","Banten","PT. SARWA MANGGALLA RAYA","","","0","","","",""
"MT","KF.0576 Periuk Regen","KOTA TANGERANG","Banten","PT. SARWA MANGGALLA RAYA","","","0","","","",""
"MT","KF.0579 Kerobokan","Badung","Bali","JNE","","","0","","","",""
"MT","KF.0581 Bangka Raya","KOTA JAKARTA SELATAN","DKI Jakarta","PT. SARWA MANGGALLA RAYA","","","0","","","",""
"MT","KF.0583  Pasadena","KABUPATEN BEKASI","Jawa Barat","PT. SARWA MANGGALLA RAYA","","","0","","","",""
"MT","KF.0589 Dewi Sri","Badung","Bali","JNE","","","0","","","",""
"MT","KF.0590 Pondok Benda","KOTA TANGERANG SELATAN","Banten","PT. SARWA MANGGALLA RAYA","","","0","","","",""
"MT","KF.0591 Zamrud","KOTA BEKASI","Jawa Barat","PT. SARWA MANGGALLA RAYA","","","0","","","",""
"MT","KF.0592 Wates","Yogyakarta","DI Yogyakarta","JNE","","","0","","","",""
"MT","KF.0594 Indramayu","Indramayu","Jawa Barat","PT. LESTARI JAYA RAYA","","","0","","","",""
"MT","KF.0595 Tajur Baru","KOTA BOGOR","Jawa Barat","PT. SARWA MANGGALLA RAYA","","","0","","","",""
"MT","KF.0598 Kedonganan","Badung","Bali","JNE","","","0","","","",""
"MT","KF.0609 Tajem","Yogyakarta","DI Yogyakarta","JNE","","","0","","","",""
"MT","KF.0610 Condong Catu","Yogyakarta","DI Yogyakarta","JNE","","","0","","","",""
"MT","KF.0618 Kranggan","KOTA BEKASI","Jawa Barat","PT. SARWA MANGGALLA RAYA","","","0","","","",""
"MT","KF.0620 Poris","KOTA TANGERANG","Banten","PT. SARWA MANGGALLA RAYA","","","0","","","",""
"MT","KF.0624 GGC","KOTA BEKASI","Jawa Barat","PT. SARWA MANGGALLA RAYA","","","0","","","",""
"MT","KF.0628 Suka Hati","KABUPATEN BOGOR","Jawa Barat","PT. SARWA MANGGALLA RAYA","","","0","","","",""
"MT","KF.0647 Teuku Umar","BANDAR LAMPUNG","LAMPUNG","JNE","","","0","","","",""
"MT","KF.0648 Wolter M","BANDAR LAMPUNG","LAMPUNG","JNE","","","0","","","",""
"MT","KF.0652 Ceger","KOTA TANGERANG SELATAN","Banten","PT. SARWA MANGGALLA RAYA","","","0","","","",""
"MT","KF.0655 Kusmayadi","KABUPATEN BOGOR","Jawa Barat","PT. SARWA MANGGALLA RAYA","","","0","","","",""
"MT","KF.0691","KABUPATEN PURWAKARTA","Jawa Barat","PT. SARWA MANGGALLA RAYA","","","0","","","",""
"MT","KF.389","KOTA DEPOK","Jawa Barat","PT. SARWA MANGGALLA RAYA","","","021-7775105","","","JL. NUSANTARA RAYA NO.33
DEPOK JAYA PANCORAN MAS
DEPOK 16432 JAWA BARAT
",""
"MT","KF.Andalas","Padang","Sumatera Barat","JNE","","","0","","","",""
"MT","KF.Apu","KOTA TANGERANG","Banten","PT. SARWA MANGGALLA RAYA","","","0","","","",""
"MT","KF.Arimbi","Bandung","Jawa Barat","PT. LESTARI JAYA RAYA","","","0","","","",""
"MT","KF.Bintara","KOTA BEKASI","Jawa Barat","PT. SARWA MANGGALLA RAYA","","","0","","","",""
"MT","KF.Buaran","KOTA JAKARTA TIMUR","DKI Jakarta","PT. SARWA MANGGALLA RAYA","","","0","","","",""
"MT","KF.Bypass","Badung","Bali","JNE","","","0","","","",""
"MT","KF.Cakra","KABUPATEN CIREBON","Jawa Barat","PT. LESTARI JAYA RAYA","","","0","","","",""
"MT","KF.Cibaduyut","Bandung","Jawa Barat","PT. LESTARI JAYA RAYA","","","0","","","",""
"MT","KF.Cibubur Lap Temba","KOTA JAKARTA TIMUR","DKI Jakarta","PT. SARWA MANGGALLA RAYA","","","0","","","",""
"MT","KF.Cibubur Transyogi","KOTA JAKARTA TIMUR","DKI Jakarta","PT. SARWA MANGGALLA RAYA","","","0","","","",""
"MT","KF.Cijerah","Bandung","Jawa Barat","PT. LESTARI JAYA RAYA","","","0","","","",""
"MT","KF.CILEDUG","KOTA TANGERANG","Banten","PT. SARWA MANGGALLA RAYA","","","","","","","arsy"
"MT","KF.Cileungsi","KOTA BOGOR","Jawa Barat","PT. SARWA MANGGALLA RAYA","","","0","","","",""
"MT","KF.Cipacing","Bandung","Jawa Barat","PT. LESTARI JAYA RAYA","","","0","","","",""
"MT","KF.Cipinang Jaya","KOTA JAKARTA TIMUR","DKI Jakarta","PT. SARWA MANGGALLA RAYA","","","0","","","",""
"MT","KF.Cipondoh","KOTA TANGERANG","Banten","PT. SARWA MANGGALLA RAYA","","","0","","","",""
"MT","KF.CIPTO","KOTA CIREBON","Jawa Barat","PT. LESTARI JAYA RAYA","","","","","","","arsy"
"MT","KF.Cisauk","KOTA TANGERANG SELATAN","Banten","PT. SARWA MANGGALLA RAYA","","","0","","","",""
"MT","KF.Citra Grand","KOTA BEKASI","Jawa Barat","PT. SARWA MANGGALLA RAYA","","","0","","","",""
"MT","KF.CIUMBULEUIT","Bandung","Jawa Barat","PT. LESTARI JAYA RAYA","","","0","","","",""
"MT","KF.Condet","KOTA JAKARTA TIMUR","DKI Jakarta","PT. SARWA MANGGALLA RAYA","","","0","","","",""
"MT","KF.Dago UNPAD","Bandung","Jawa Barat","PT. LESTARI JAYA RAYA","","","0","","","",""
"MT","KF.Darmo Indah","Surabaya","Jawa Timur","JNE","","","0","","","",""
"MT","KF.Fatahillah","KABUPATEN CIREBON","Jawa Barat","PT. LESTARI JAYA RAYA","","","0","","","",""
"MT","KF.Gatsu","Bandung","Jawa Barat","PT. LESTARI JAYA RAYA","","","0","","","",""
"MT","KF.Genteng","Jember","Jawa Timur","PT Lion Express","","","","","","JL. DIPONEGORO NO.7
TEMBAAN KEPATIHAN KEC. KALIWATES",""
"MT","KF.Guntur","KOTA JAKARTA SELATAN","DKI Jakarta","PT. SARWA MANGGALLA RAYA","","","0","","","",""
"MT","KF.Harkit","KABUPATEN TANGERANG","Banten","PT. SARWA MANGGALLA RAYA","","","0","","","",""
"MT","KF.HAURGEULIS","Indramayu","Jawa Barat","PT. LESTARI JAYA RAYA","","","","","","","arsy"
"MT","KF.Jambu Air","Bukit Tinggi","Sumatera Barat","JNE","","","0","","","",""
"MT","KF.Kali Deres","KOTA JAKARTA BARAT","DKI Jakarta","PT. SARWA MANGGALLA RAYA","","","0","","","",""
"MT","KF.Kallibokor","Surabaya","Jawa Timur","JNE","","","0","","","",""
"MT","KF.Karang Tengah","KOTA JAKARTA SELATAN","DKI Jakarta","PT. SARWA MANGGALLA RAYA","","","0","","","",""
"MT","KF.Karangturi","Indramayu","Jawa Barat","PT. LESTARI JAYA RAYA","","","","","","","arsy"
"MT","KF.Kepandean","Serang","Banten","PT. SARWA MANGGALLA RAYA","","","0","","","",""
"MT","KF.Klayan","KABUPATEN CIREBON","Jawa Barat","PT. LESTARI JAYA RAYA","","","0","","","",""
"MT","KF.Kramat Watiu","Cilegon","Banten","PT. SARWA MANGGALLA RAYA","","","0","","","",""
"MT","KF.Legian II","Badung","Bali","JNE","","","0","","","",""
"MT","KF.Lontar","Surabaya","Jawa Timur","JNE","","","0","","","",""
"MT","KF.Lubuk Begalung","Padang","Sumatera Barat","JNE","","","0","","","",""
"MT","KF.M. Thoha","KOTA TANGERANG","Banten","PT. SARWA MANGGALLA RAYA","","","0","","","",""
"MT","KF.Majalengka","KABUPATEN MAJALENGKA","Jawa Barat","PT. LESTARI JAYA RAYA","","","0","","","",""
"MT","KF.Manukan","Surabaya","Jawa Timur","JNE","","","0","","","",""
"MT","KF.Menteng Huis","KOTA JAKARTA PUSAT","DKI Jakarta","PT. SARWA MANGGALLA RAYA","","","0","","","",""
"MT","KF.Monang Maning","Denpasar","Bali","JNE","","","0","","","",""
"MT","KF.P. Jelantik","Badung","Bali","JNE","","","0","","","",""
"MT","KF.PADMA","Nusa Dua","Bali","JNE","","","0","","","",""
"MT","KF.Pagebangan","Cilegon","Banten","PT. SARWA MANGGALLA RAYA","","","0","","","",""
"MT","KF.Pakerisan","Denpasar","Bali","JNE","","","0","","","",""
"MT","KF.Pantai Kuta","Badung","Bali","JNE","","","0","","","",""
"MT","KF.PBB","Nusa Dua","Bali","JNE","","","0","","","",""
"MT","KF.PBLG","Yogyakarta","DI Yogyakarta","JNE","","","0","","","",""
"MT","KF.Pel001 RSUP dr. C","KOTA JAKARTA PUSAT","DKI Jakarta","PT. SARWA MANGGALLA RAYA","","","0","","","",""
"MT","KF.Pel007 RSUP Sangl","Denpasar","Bali","JNE","","","0","","","",""
"MT","KF.Pel011 RSUP dr. M","Padang","Sumatera Barat","JNE","","","0","","","",""
"MT","KF.Pel029 RSUD Pangk","Pangkal Pinang","Kepulauan Bangka Belitung","JNE","","","0","","","",""
"MT","KF.PelKencana Pav.Ke","KOTA JAKARTA PUSAT","DKI Jakarta","PT. SARWA MANGGALLA RAYA","","","0","","","",""
"MT","KF.PEMUDA","KOTA CIREBON","Jawa Barat","PT. LESTARI JAYA RAYA","","","0","","","",""
"MT","KF.Pondok Kopi Malak","KOTA JAKARTA TIMUR","DKI Jakarta","PT. SARWA MANGGALLA RAYA","","","0","","","",""
"MT","KF.Pondok Kopi3","KOTA JAKARTA TIMUR","DKI Jakarta","PT. SARWA MANGGALLA RAYA","","","0","","","",""
"MT","KF.RAJAGALUH","KABUPATEN MAJALENGKA","Jawa Barat","PT. LESTARI JAYA RAYA","","","","","","","arsy"
"MT","KF.Ramayana","Cilegon","Banten","PT. SARWA MANGGALLA RAYA","","","0","","","",""
"MT","KF.Rambi","Jember","Jawa Timur","PT Lion Express","Net 30","","","","","JL. GAJAH MADA NO.9 RAMBIPUJI
CURAHANCAR",""
"MT","KF.Rangkas Bitung","Lebak","Banten","PT. SARWA MANGGALLA RAYA","","","0","","","",""
"MT","KF.Setia Budi","Bandung","Jawa Barat","PT. LESTARI JAYA RAYA","","","0","","","",""
"MT","KF.Siteba","Padang","Sumatera Barat","JNE","","","0","","","",""
"MT","KF.Solok","Solok","Sumatera Barat","JNE","","","0","","","",""
"MT","KF.Sudirman Jember","PROBOLINGGO","JAWA TIMUR","PT Lion Express","","","","","","Jl. Panglima Sudirman No.339 P
Kebonsari Kulon, Kec. Kanigaran
Probolinggo 67214 
Jawa Timur",""
"MT","KF.Sulanjana 4","Bandung","Jawa Barat","PT. LESTARI JAYA RAYA","","","022-87804760","","","JL. IR H. JUANDA NO.248
BANDUNG SEKELOA COBLONG
BANDUNG 40134 JAWA BARAT",""
"MT","KF.Suleman","Bandung","Jawa Barat","PT. LESTARI JAYA RAYA","","","0","","","",""
"MT","KF.Sunter","KOTA JAKARTA UTARA","DKI Jakarta","PT. SARWA MANGGALLA RAYA","","","0","","","",""
"MT","KF.Tamblingan","Denpasar","Bali","JNE","","","0","","","",""
"MT","KF.Tugu Tugu","KOTA JAKARTA UTARA","DKI Jakarta","PT. SARWA MANGGALLA RAYA","","","0","","","",""
"MT","KF.Ubud3","Gianyar","Bali","JNE","","","0","","","",""
"MT","KF.YUSUF Depok","KOTA DEPOK","Jawa Barat","PT. SARWA MANGGALLA RAYA","","","0","","","",""
"MT","KLINIK LIANCO MEDICAL CENTER","KABUPATEN BEKASI","Jawa Barat","PT. SARWA MANGGALLA RAYA","","","0","","","",""
"MT","KLINIK PRATAMA KIMIA FARMA WIDYA","KOTA TANGERANG","Banten","PT. SARWA MANGGALLA RAYA","","","0","","","",""
"MT","LOTTE MART INDONESIA","KABUPATEN BEKASI","JAWA BARAT","PT. SARWA MANGGALLA RAYA","Biaya Kulli Rp. 300/lusin","08:00 s/d 13:00","021-50104691, 021-47483647, 085960334224","Ibu Aida","lottemart.planning@lotte.net","JL. TECHNO BOULEVARD BLOK DP 5B
KAWASAN INDUSTRI-III
CIKARANG-BEKASI
JAWA BARAT INDONESIA","Harus booking dulu sebelum pengiriman, akan dikonfirmasi jam penerimaannya by email, datang 30 menit sebelumnya. Jumlah karton mereka 1 lusin di sarwa. "
"MT","MIDI  BRANCH PALU 2","PALU","SULAWESI TENGAH","PT. MANNA MANCA BERSAUDARA","","","","","","JL. KRANIA LEMBAH BIROBULI SELATAN
KEC. PALU SELATAN
PALU 94231
SULAWESI TENGAH",""
"MT","MIDI AMBON","KOTA AMBON","MALUKU","PT Lion Express","NET 30","","","","","JL. SISINGAMANGARAJA NO.88
PASSO
KEC. BAGUALA
KOTA AMBON 97232 
MALUKU",""
"MT","MIDI BALARAJA","Balaraja","Banten","PT. MANNA MANCA BERSAUDARA","","","","","","",""
"MT","MIDI BALARAJA TIMUR / BITUNG","KABUPATEN TANGERANG","Banten","PT. MANNA MANCA BERSAUDARA","Biaya Delivery 15% dari Nilai Invoice","08:00 s/d 16:00","","Abdul Rochim","abdul.rochim@btg.mu.co.id","JL. INDUSTRI KM12
KP. KADU DESA BUNDER RT.03
CIKUPA TANGERANG 15710",""
"MT","MIDI BEKASI","KABUPATEN BEKASI","Jawa Barat","PT. MANNA MANCA BERSAUDARA","Biaya Delivery 15% dari Nilai Invoice","08:00 s/d 16:00","(021) 8984-6688","Sutopo","sutopo.khanifa@bks.mu.co.id","JL. JABABEKA XI BLOK L3-5
KAWASAN INDUSTRI JABABEKA
CIKARANG UTARA BEKASI 17530
JAWA BARAT INDONESIA",""
"MT","MIDI KENDARI","Palu","Sulawesi Tegah","PT. MANNA MANCA BERSAUDARA","Biaya Delivery 15% dari Nilai Invoice","08:00 s/d 16:00","0","Nur Sanjaya","nur.sanjaya@plu.mu.co.id","JL. TRANS SULAWESI KM16 NO.113
KEL. KAYUMALUE PAJEKO KEC. PALU UTARA
PALU SULAWESI TENGAH 94146
",""
"MT","MIDI MAKASSAR","KOTA MAKASSAR","SULAWESI SELATAN","PT. MANNA MANCA BERSAUDARA","Biaya Delivery 15% dari Nilai Invoice","08:00 s/d 16:00","(0411) 4723-221
","Didik Prasetyo","didikprasetyo@mks.mu.co.id","JL. KIMA RAYA KM.8 SS NO.23
BIRINGKANAYA DAYA
MAKASSAR 90245
SULAWESI SELATAN INDONESIA ",""
"MT","MIDI MANADO","Minahasa Utara","Sulawesi Utara","PT. MANNA MANCA BERSAUDARA","Biaya Delivery 15% dari Nilai Invoice","08:00 s/d 16:00","0","Hendra Sucipto","hendra.sucipto@mdo.mu.co.id","JL. RAYA MANADO BITUNG KM15
KOMPLEK PERGUDANGAN OLYMPIC
KEL. KOLONGAN KEC. KALAWAT
MINAHASA UTARA 95378
",""
"MT","MIDI MEDAN","Medan","Sumatera Utara","PT. MANNA MANCA BERSAUDARA","Biaya Delivery 15% dari Nilai Invoice","08:00 s/d 16:00","(061) 8050-8016","Rudy Widodo","rudy.widodo@mu.co.id","JL. MG. MANURUNG
KAWASAN INDUSTRI AMPLAS KM9.5
KEL. TIMBANG DELI KEC. MEDAN AMPLAS
MEDAN 20149
SUMATERA UTARA INDONESIA 
",""
"MT","MIDI PASURUAN","Pasuruan","Jawa Timur","PT. MANNA MANCA BERSAUDARA","Biaya Delivery 15% dari Nilai Invoice","08:00 s/d 16:00","(021) 557-55961","Teguh Imam","tprabowo@sby.mu.co,id","JL. RAYA BEJI
DESA CANGKRIK KEC. BEJI
PASURUAN 67153 JAWA TIMUR
",""
"MT","MIDI SAMARINDA","KOTA SAMARINDA","Kalimantan Timur","PT. MANNA MANCA BERSAUDARA","Biaya Delivery 15% dari Nilai Invoice","08:00 s/d 16:00","","Rustamin","rustamin.rustamin@smd.mu.co.id","SURYANATA RT.15
KEL. BUKIT PINANG
SAMARINDA ULU
SAMARINDA KALIMANTAN TIMUR 75124",""
"MT","MIDI TANGERANG","KABUPATEN TANGERANG","Banten","PT. MANNA MANCA BERSAUDARA","Biaya Delivery 15% dari Nilai Invoice","08:00 s/d 16:00","0","Abdul Rochim","abdul.rochim@btg.mu.co.id","JL. INDUSTRI KM.12
KP. KADU DESA BUNDER RT.03
CIKUPA TANGERANG 15710
",""
"MT","MIDI YOGYAKARTA","KABUPATEN BANTUL","DI Yogyakarta","PT. MANNA MANCA BERSAUDARA","Biaya Delivery 15% dari Nilai Invoice","08:00 s/d 16:00","(0274) 4932-186","Jefri Palinggi","jefri.palinggi@yga.mu.co.id","JL. RINGROAD TIMUR NO.262
TEGALPASAR BENGUNTAPAN
BANTUL 55198
DI YOGYAKARTA
",""
"MT","PT CENTURY FRANCHISINDO","KOTA JAKARTA TIMUR","DKI Jakarta","PT. SARWA MANGGALLA RAYA","","","085771367599","Ibu Ria Marsella","","KELOMPOK RUKO RADEN INTEN CENTER BLOK 7D-7E
JL. RADEN INTEN II RT 02/03
KEL. DUREN SAWIT KEC. DUREN SAWIT
JAKARTA TIMUR DKI JAKARTA 13470",""
"MT","PT CENTURY FRANCHISINDO BEKASI","KOTA BEKASI","Jawa Barat","PT. SARWA MANGGALLA RAYA","","","082208247152","Ibu Ria Marsella","","RUKO CBD BEKASI TOWN SQUARE BLOK J NO.16-17
JL. CUT MEUTIA KEL. MARGAHAYU KEC. BEKASI TIMUR
KOTA BEKASI",""
"MT","PT CENTURY FRANCHISINDO SURABAYA","SURABAYA","Jawa Timur","PT. PANCA KOBRA SAKTI","","","081231004460","Mugi Nurnguati S.Farm. Apt","","RUKO SECTION ONE BLOK C10-C11
JL. RAYA RUNGKUT INDUSTRI
KEL. KENDANGSARI KEC. TENGGILIS MEJOYO
SURABAYA JAWA TIMUR",""
"MT","PT CENTURY FRANCHISINDO UTAMA CILANDAK","KOTA JAKARTA SELATAN","DKI Jakarta","PT. SARWA MANGGALLA RAYA","Net 30","","021-59490686","Ibu Ria Marsella","","RUKO FATMAWATI MAS BLOK A1 NO.125
JL. FATMAWATI RAYA
RT.05/RW.10 CILANDAK BARAT
CILANDAK JAKARTA SELATAN",""
"MT","PT CENTURY FRANCHISINDO UTAMA MALL METROPOLIS","KOTA TANGERANG","BANTEN","PT. SARWA MANGGALLA RAYA","","","021-59490686","Ibu Ria Marsella","","JL. HARTONO RAYA
MALL METROPOLIS 5 BLOK GM 1-0006M
KEL. KELAPA INDAH KEC. TANGERANG",""
"MT","PT KHARISMA GLOBAL PERSADA FARMA","Jambi","Jambi","GSG TRASINDO","NET 14","","0741) 33060","Bapak Djunaidi","kharismaglobalpersada@yahoo.com","JL. HALIM PERDANA KUSUMA NO. 73
RT.15 KEL. SUNGAI ASAM KEC. PASAR ",""
"MT","PT. ANUGRAH ARGON MEDIKA","KOTA JAKARTA SELATAN","DKI JAKARTA","PT. SARWA MANGGALLA RAYA","NET 30","","","","","Infinia Park Modern WHS Blok A-12, A-15, A-16 Jalan Dr. Saharjo No. 45,
Jakarta Selatan, Desa/Kelurahan Manggarai, Kec. Tebet, Kota Adm.Jakarta Selatan
DKI JAKARTA 12850 
JAKARTA",""
"MT","PT. ATRI DISTRIBUSINDO","KOTA JAKARTA BARAT","DKI Jakarta ","PT. SARWA MANGGALLA RAYA","","","021-54391952, 5548103, 80821466","","","JL. DAAN MOGOT KM.18 KAV.10 NO.2
KOMP. SEMANAN MEGAH
SEMANAN KALIDERES JAKARTA BARAT
DKI JAKARTA 11850",""
"MT","PT. CENTURY FRANCHISINDO UTAMA","KABUPATEN TANGERANG","Banten","PT. SARWA MANGGALLA RAYA","","","021-59490686","","","JL. RAYA SERANG KM.10
RT.017/RW.004 DESA KUDU JAYA
KEC. CURUG TANGERANG 15810
BANTEN INDONESIA",""
"MT","PT. CENTURY FRANCHISINDO UTAMA BOGOR","KOTA BOGOR","Jawa Barat","PT. SARWA MANGGALLA RAYA","Net 30","","","","","PERUM WINDELRIO
JL. BRIGJEN HADIPRAWIRA BLOK RB NO.05
RT.001/RW.001 KEL. SEMPLAK KEC. BOGOR BARAT",""
"MT","PT. DUTA INTI DAYA TBK","KABUPATEN TANGERANG","BANTEN","PT. SARWA MANGGALLA RAYA","NET 30","","02121283001","","","KOMPLEK PERGUDANGAN NIHON SEIMA BLOK H RT.001/RW.001
JL. GATOT SUBROTO KM.8
KEL. KADU JAYA KEC. CURUG
KAB. TANGERANG BANTEN",""
"MT","PT. ENSEVAL PUTERA MEGATRADING","KOTA JAKARTA UTARA","DKI Jakarta","PT. SARWA MANGGALLA RAYA","","","","","","JL. RAWA GELAM IV NO.6
KAWASAN INDUSTRI PULO GADUNG
JAKARTA TIMUR 13930
",""
"MT","PT. ENSEVAL PUTERA MEGATRADING CIKARANG","KABUPATEN BEKASI","Jawa Barat","PT. SARWA MANGGALLA RAYA","","","","","","JL. CIMAHI KAV. GREENLAND INTERNATIONAL INDUSTRIAL CENTER BLOK BB-5B
KEL. SUKMAHI KEC. CIKARANG PUSAT
JAWA BARAT 17530",""
"MT","PT. ERA CARING INDONESIA","JAKARTA BARAT","DKI JAKARTA","PT. SARWA MANGGALLA RAYA","","","","","","KOMPLEK 1000 RUKO FANTASY BLOK Z8 NO8
CENGKATRNG BARAT",""
"MT","PT. ERA FARMA MEDIKA","KOTA JAKARTA UTARA","DKI JAKARTA","PT. SARWA MANGGALLA RAYA","NET 30","","","","","JL. KAMPUNG GUSTI BLOK Z-1 KAV NO.14
RT.012/RW.015 PEJAGALAN
PENJARINGAN JAKARTA UTARA
DKI JAKARTA 14450
",""
"MT","PT. ERA FARMA MEDIKA (WELLINGS GREENLAKE)","KOTA TANGERANG","BANTEN","PT. SARWA MANGGALLA RAYA","","","","","","Komplek Greenlake City, Rukan Newcastle Blok A No. 36 & 37, Petir
Cipondoh, Kota Tangerang, Banten
KOTA TANGERANG 15147 
BANTEN
",""
"MT","PT. ERA FARMA MEDIKA (WELLINGS JATIWARINGIN)","KOTA BEKASI","JAWA BARAT","PT. SARWA MANGGALLA RAYA","","","","","","Jl. Raya Jatiwaringin 170 No. 3 RT 001 RW 002, Jatiwaringin, Pondok Gede,
Kota Bekasi, Jawa Barat, 17411
KOTA BEKASI 17411 
JAWA BARAT
",""
"MT","PT. ERA FARMA MEDIKA (WELLINGS PIK2)","JAKARTA","DKI Jakarta","PT. SARWA MANGGALLA RAYA","","","","","","Jl. Pantai Indah Utara II, Metro Broadway The Kapuk Muara, Penjaringan,
Kota Administrasi Jakarta Utara, DKI Jakarta
KOTA JAKARTA UTARA  
DKI JAKARTA
",""
"MT","PT. GLOBAL LOGISTIK MEDIKA","KOTA TANGERANG","Banten","PT. SARWA MANGGALLA RAYA","Net 30","","08118849144","debi","","JL. JALUR SUTERA BLOK 25 A NO.30-31
RUKO PALMYRA SQUARE
KEL. KUNCIRAN KEC. PINANG",""
"MT","PT. GOGOBLI ASIA TEKNOLOGI","KOTA JAKARTA PUSAT","DKI Jakarta","PT. SARWA MANGGALLA RAYA","","","021-5366 1116","","purchasing@gogobli.com","JL. PALMERAH UTARA NO.61A
RT.001/RW.001 KEL. GELORA KEC. TANAH ABANG
","Umur PO 1 Hari"
"MT","PT. HYDRO PERDANA RETAILINDO","KABUPATEN BOGOR","Jawa Barat","PT. SARWA MANGGALLA RAYA","","","021-22940730","","","JL. H. ABDUL GHANI NO.7
RT.004/RW.001 DESA KARANGGAN
BOGOR 16961 JAWA BARAT
INDONESIA",""
"MT","PT. INDOPASIFIK FARMA MEDIKA INDONESIA","KOTA JAKARTA SELATAN","DKI Jakarta","PT. SARWA MANGGALLA RAYA","","","","","","JL. DR. SAHARJO NO.45 BLOK A63
RT.012/RW.004 MANGGARAI
TEBET JAKARTA SELATAN",""
"MT","PT. KIMIA FARMA APOTEK","KOTA JAKARTA PUSAT","DKI Jakarta","PT. SARWA MANGGALLA RAYA","","","0","","","",""
"MT","PT. KIMIA FARMA APOTIK","KOTA BEKASI","Jawa Barat","PT. SARWA MANGGALLA RAYA","","","0","","","",""
"MT","PT. KREANOVA PHARMARET","KOTA JAKARTA PUSAT","DKI Jakarta","PT. SARWA MANGGALLA RAYA","","","021-633 9339
","","","JL. KH. HASYIM ASHARI NO.48A
JAKARTA PUSAT 10130
DKI JAKARTA INDONESIA",""
"MT","PT. KREASI CAHAYA SUKSES","KOTA TANGERANG","Banten","PT. SARWA MANGGALLA RAYA","","","0","","","JL. IMAM BONJOL BARU KM2.58
BOJONG JAYA KARAWACI
TANGERANG 15115 BANTEN",""
"MT","PT. LION SUPER INDO","KABUPATEN BEKASI","Jawa Barat","PT. SARWA MANGGALLA RAYA","","","(021) 89906913","","","JL. INDUSTRI KARYA DEKA BLOK C NO.3
PASIRSARI CIKARANG SELATAN BEKASI 17530
JAWA BARAT INDONESIA ",""
"MT","PT. MANNA MANCA BERSAUDARA","KOTA JAKARTA BARAT","DKI Jakarta","PT. SARWA MANGGALLA RAYA","","","021-55961216","","","JL. KAPUK KAMAL RAYA NO.33A
RT.005/RW.002 KAMAL MUARA PENJARINGAN
JAKARTA UTARA 11820
DKI JAKARTA INDONESIA",""
"MT","PT. MASSIVA GUNA","KOTA JAKARTA PUSAT","DKI JAKARTA","PT. SARWA MANGGALLA RAYA","NET 30","","(021) 6323696","","","Jl. KH. Hasyim Ashari No. 48A
RT 017 RW 003
Petojo Utara
Jakarta Pusat
DKI Jakarta",""
"MT","PT. MECCAYA","KABUPATEN BEKASI","Jawa Barat","PT. SARWA MANGGALLA RAYA","","","0","","","",""
"MT","PT. MIDI UTAMA INDONESIA","BEJI","JAWA TIMUR","","","","","021) 557-55961","","","Jl. Raya Beji Desa Cangkrik
Kec. Beji
Pasuruan 67153 (021) 557-55961
Jawa Timur"
"MT","PT. PERINTIS PELAYANAN PARIPURNA","KABUPATEN TANGERANG","Banten","PT. SARWA MANGGALLA RAYA","","","021-59490686, 7204945, 5324915, 72795028","Ria Marsella","","JL. RAYA SERANG KM10
RT.017/RW.004 DESA KADU JAYA
KEC. CURUG TANGERANG 15810
BANTEN INDONESIA ",""
"MT","PT. PHARMA SAFE INDONESIA","KOTA TANGERANG SELATAN","Banten","PT. SARWA MANGGALLA RAYA","","","","","","RUKO PALMYRA SQUARE NO.30-31
JL. JALUR SUTERA KAV.25A
ALAM SUTERA",""
"MT","PT. SUMBER INDAH LESTARI","KABUPATEN TANGERANG","BANTEN","PT. SARWA MANGGALLA RAYA","COD","","021-80821601","","","JL. RAYA SERANG KM 12
KP KADU DESA BUNDER
RT.03/RW.01 BITUNG
TANGERANG",""
"MT","PT. TEKNOLOGI MEDIKA PRATAMA","KOTA JAKARTA UTARA","DKI JAKARTA","PT. SARWA MANGGALLA RAYA","COD","","021-50940292","","","JL. TIPAR CAKUNG KAV. M1 RT.008/RW.002
KEL. SUKAPURA KEC. CILINCING
JAKARTA UTARA 14140",""
"MT","SAT BALARAJA","KABUPATEN TANGERANG","Banten","PT. MANNA MANCA BERSAUDARA","Biaya Delivery 15% dari Nilai Invoice","08:00 s/d 16:00","(021) 5990342","Rindu Adam Rahardja","","JL. ARIA JAYA SANTIKA NO.19
DESA PASIR BOLANG
KEC. TIGARAKSA BALARAJA
TANGERANG 15720 BANTEN INDONESIA",""
"MT","SAT BALARAJA TIMUR","KABUPATEN TANGERANG","Banten","PT. MANNA MANCA BERSAUDARA","Biaya Delivery 15% dari Nilai Invoice","08:00 s/d 16:00","(021) 5990342
","Rindu Adam Rahardja","","JL. ARIA JAYA SANTIKA NO.19
DESA PASIR BOLANG
KEC. TIGARAKSA BALARAJA
TANGERANG 15720 BANTEN INDONESIA",""
"MT","SAT BALI","Bali","Nusa Tenggara Barat","PT. MANNA MANCA BERSAUDARA","Biaya Delivery 15% dari Nilai Invoice","08:00 s/d 16:00","081294657082","Jumari Asther","","JL. BYPASS IDA BAGUS MANTRA LINGKUNGAN SIUT
DESA TULIKUP KEC. GIANYAR
GIANYAR 80515 BALI INDONESIA ","arsy"
"MT","SAT BANDUNG","KOTA BANDUNG","Jawa Barat","PT. MANNA MANCA BERSAUDARA","Biaya Delivery 15% dari Nilai Invoice","08:00 s/d 16:00","(022) 7800118","Sukamto Susilo","","JL. SOEKARNO HATTA NO.791
KEL. CISARANTEN WETAN KEC. CINAMBO
BANDUNG 40296 JAWA BARAT INDONESIA 
",""
"MT","SAT BANJARMASIN","Banjarmasin","Kalimantan Selatan","PT. MANNA MANCA BERSAUDARA","Biaya Delivery 15% dari Nilai Invoice","08:00 s/d 16:00","081294662515
","Prabowo Wisnardianto","","JL. RAYA CEMPAKA-PELAIHARI
DESA NUSA INDAH RT.05/RW.02
KEC. BATI-BATI KAB. TANAH LAUT
KALIMANTAN SELATAN 70852 INDONESIA ",""
"MT","SAT BATAM","Batam","Kepulauan Riau","PT. ANUGERAH BERDIKARI SEJATI","FTZ = Rp. 700.000,-
Ongkos Kirim Rp. 260.000,-/m3
","08:00 s/d 16:00","(0778) 4800234","Andi Nurdin","","CAMMO INDUSTRIAL PARK BLOK C NO.1
KEL. BALOI PERMAI KEC. BATAM
KOTA BATAM 29431
KEP. RIAU INDONESIA ",""
"MT","SAT BEKASI","KABUPATEN BEKASI","Jawa Barat","PT. MANNA MANCA BERSAUDARA","Biaya Delivery 15% dari Nilai Invoice","08:00 s/d 16:00","(021) 89841456
","Ronald Oktavianus K","","KAWASAN JABABEKA II PINTU 10
JL. INDUSTRI SELATAN BLOK PP 6 NO.6
DESA PASIR SSARI CIKARANG SELATAN
BEKASI 17530 JAWA BARAT INDONESIA ",""
"MT","SAT BOGOR","KABUPATEN BOGOR","Jawa Barat","PT. MANNA MANCA BERSAUDARA","Biaya Delivery 15% dari Nilai Invoice","08:00 s/d 16:00","(021) 82499234","Edy Kiswanto","","KAWASAN INDUSTRI MENARA PERMAI KAV.18
JL. RAYA NAROGONG KM23.8 CILEUNGSI 
BOGOR 16820 JAWA BARAT INDONESIA 
",""
"MT","SAT BULKY IMAM BONJOL","KOTA TANGERANG","Banten","PT. MANNA MANCA BERSAUDARA","","","","","","JL. IMAM BONJOL KM2
KEL. KARAWACI KEC. T KOTA
TANGERANG",""
"MT","SAT CIANJUR","Cianjur","Jawa Barat","PT. MANNA MANCA BERSAUDARA","Biaya Delivery 15% dari Nilai Invoice","08:00 s/d 16:00","081294662515
","Heriyanto","","JL. RAYA SUKABUMI KP. CIENDEUR
RT.001/RW.001 DESA BUMISARI
KEC. WARUNG KONDANG
CIANJUR 43261 JAWA BARAT INDONESIA ",""
"MT","SAT CIBINONG","KABUPATEN BOGOR","Jawa Barat","PT. MANNA MANCA BERSAUDARA","Biaya Delivery 15% dari Nilai Invoice","08:00 s/d 16:00","(021) 29568442","Paulus Widiatmoko","","JL. RAYA PEMDA KERADENAN RT.01/RW.10
KEL. KARADENAN KEC. CIBINONG (SEBERANG PERUM PURI NIRWANA 3)
BOGOR 16913 JAWA BARAT INDONESIA ",""
"MT","SAT CIKOKOL","KOTA TANGERANG","Banten","PT. MANNA MANCA BERSAUDARA","Biaya Delivery 15% dari Nilai Invoice","08:00 s/d 16:00","(021) 55754926
","Basuki Anwar","","JL. MH THAMRIN NO. 9
CIKOKOL TANGERANG 15117 BANTEN
INDONESIA ",""
"MT","SAT CILACAP","Cilacap","Jawa Tengah","PT. MANNA MANCA BERSAUDARA","Biaya Delivery 15% dari Nilai Invoice","08:00 s/d 16:00","Telp. (0282) 548345
Fax. (0282) 548337
","Wakimin Wiradiyana","","JL. MT HARYANONO NO.168
KOMP KAWASAN INDUSTRI CILACAP
KEL. LOMANIS KEC. CILACAP TENGAH
JAWA TENGAH",""
"MT","SAT CILENGSI","KABUPATEN BOGOR","Jawa Barat","PT. MANNA MANCA BERSAUDARA","Biaya Delivery 15% dari Nilai Invoice","08:00 s/d 16:00","(021) 82499234","Edy Kiswanto","","KAWASAN INDUSTRI MENARA PERMAI KAV.18
JL. RAYA NAROGONG KM23.8 CILEUNGSI
BOGOR 16820 JAWA BARAT INDONESIA 
",""
"MT","SAT CIMAHI","KOTA CIMAHI","Jawa Barat","PT. MANNA MANCA BERSAUDARA","Biaya Delivery 15% dari Nilai Invoice","08:00 s/d 16:00","(022) 6675300
","Apriliani Nugraha","","JL. NANJUNG NO.153 RT.02/10
KEL. UTAMA KEC. CIMAHI TENGAH
CIMAHI 40525 JAWA BARAT
INDONESIA ","(Belum pernah Transaksi)"
"MT","SAT CIREBON/PLUMBON","KABUPATEN CIREBON","Jawa Barat","PT. MANNA MANCA BERSAUDARA","Biaya Delivery 15% dari Nilai Invoice","08:00 s/d 16:00","(0231) 8290000, 8290001","Suharno Patih","","JL. PANGERAN ANTASARI KM3
DESA LURAH KEC. PLUMBON
CIREBON 45158 JAWA BARAT INDONESIA ",""
"MT","SAT JAMBI","Muaro Jambi","Jambi","PT. MANNA MANCA BERSAUDARA","Biaya Delivery 15% dari Nilai Invoice","08:00 s/d 16:00","(0741) 5915999
","Syaipulloh Jialing","","JL. RAYA PALEMBANG - JAMBI KM14
PONDOK MEJA KEC. MESTONG KAB. MUARO
MUARO JAMBI 36364 JAMBI INDONESIA",""
"MT","SAT JEMBER","Jember","Jawa Timur","PT. MANNA MANCA BERSAUDARA","Biaya Delivery 15% dari Nilai Invoice","08:00 s/d 16:00","(0331) 426333, 0815 11636773","Muhamadilah Fatharani","","JL. BRAWIJAYA KOMPLEK REDJO AGUNG MANGLI
KAB. BANGKALAN JEMBER 68153
JAWA BARAT INDONESIA",""
"MT","SAT KARAWANG","KABUPATEN KARAWANG","Jawa Barat","PT. MANNA MANCA BERSAUDARA","Biaya Delivery 15% dari Nilai Invoice","08:00 s/d 16:00","081294675200","Rudi Zain","","JL. BY PASS KARAWANG
DESA MARGASARI KEC. KLARI
KARAWANG JAWA BARAT INDONESIA 
",""
"MT","SAT KLATEN","KABUPATEN KLATEN","Jawa Tengah","PT. MANNA MANCA BERSAUDARA","Biaya Delivery 15% dari Nilai Invoice","08:00 s/d 16:00","(0272) 555234","Zaul Fathulloh","","JL. RAYA SOLO - YOGYAKARTA KM21
DESA BANARAN DELANGGU KLATEN
",""
"MT","SAT KOTABUMI","Kotabumi","Lampung","PT. MANNA MANCA BERSAUDARA","Biaya Delivery 15% dari Nilai Invoice","08:00 s/d 16:00","081294668212","I Wayan Agus Andriyanta","","JL. LINTAS SUMATERA TEPUK LEBAN RT.01/RW.01
DESA KALIBALANGAN KEC. ABUNG SELATAN
KOTA BUMI LAMPUNG UTARA 34581
LAMPUNG INDONESIA 
",""
"MT","SAT LAMPUNG","BANDAR LAMPUNG","Lampung","PT. MANNA MANCA BERSAUDARA","Biaya Delivery 15% dari Nilai Invoice","08:00 s/d 16:00","(0721) 7699111, 081294668636
","Kuswondo","","JL. SOEKARNO HATTA KEL. CAMPANG RAYA RT.02
LINGKUNGAN 1 BAYUR TANJUNG KARANG TIMUR
BANDAR LAMPUNG
LAMPUNG INDONESIA",""
"MT","SAT LOMBOK","Lombok","Nusa Tenggara Barat","PT. MANNA MANCA BERSAUDARA","Biaya Delivery 15% dari Nilai Invoice","08:00 s/d 16:00","081294669400
","Muhammad Yahmin","","JL. TGH SALEH HAMBALI KM 20
LINGKUNGAN DASAN CERMEN SELATAN
KEL. DASAN CERMEN KEC. SANDUBAYA
CAKRANEGARA MATARAM 83232 NTB INDONESIA ",""
"MT","SAT MAKASSAR","KOTA MAKASSAR","SULAWESI SELATAN","PT. MANNA MANCA BERSAUDARA","Biaya Delivery 15% dari Nilai Invoice","08:00 s/d 16:00","Telp. (0411) 4723201 / 4723210 Fax. (0411) 4723172 081294670143","Ichsan Basalamah","","JL. KIMA RAYA VIII BLOK SS NO.23
KEL. BIRA KEC. TAMALANREA
KOTA MAKASSAR
","Belum pernah Transaksi"
"MT","SAT MALANG","Malang","Jawa Timur","PT. MANNA MANCA BERSAUDARA","Biaya Delivery 15% dari Nilai Invoice","08:00 s/d 16:00","(0341) 459960","Puguh Sulistiyono","","JL. RAYA SINGOSARI KM.73
DESA LOSARI KEC. SINGOSARI
MALANG 65153 JAWA TIMUR INDONESIA 
",""
"MT","SAT MANADO","Manado","Sulawesi Utara","PT. MANNA MANCA BERSAUDARA","Biaya Delivery 15% dari Nilai Invoice","08:00 s/d 16:00","0","Hendro Za","","KOMPLEK PERGUDANGAN PUTRA BINTANG MINAHASA
JL. RAYA MANADO BITUNG
DESA KOLONGAN JAYA V
KEC. KALAWAT MINAHASA UTARA MANADO 95378
","Belum ada transaksi 2020"
"MT","SAT MATARAM","Mataram","Nusa Tenggara Barat","PT. MANNA MANCA BERSAUDARA","Biaya Delivery 15% dari Nilai Invoice","08:00 s/d 16:00","081294669400","Muhammad Yamin","","JL. TGH SALEH HAMBALI KM20
LINGKUNGAN DASAN CERMEN SELATAN
KEL. DASAN CERMEN KEC. SANDBAYA
CAKRANEGARA MATARAM 83232 NTB INDONESIA",""
"MT","SAT MEDAN","Medan","Sumatera Utara","PT. MANNA MANCA BERSAUDARA","Biaya Delivery 15% dari Nilai Invoice","08:00 s/d 16:00","(061) 80508008","Sahat Sinaga","","JL. INDUSTRI NO.99S
DESA TANJUNG MORAWA B KEC. TANJUNG MORAWA KAB. DELI SERDANG
MEDAN 20362 SUMATERA UTARA INDONESIA
",""
"MT","SAT PALEMBANG","KOTA PALEMBANG","SUMATERA SELATAN","PT. MANNA MANCA BERSAUDARA","Biaya Delivery 15% dari Nilai Invoice","08:00 s/d 16:00","(0711) 5611999","Sunar","","JL. TEMBUS TERMINAL ALANG-ALANG LEBAR
RT.12/RW.05  KEL. TALANG KELAPA KEC. ALANG-ALANG LEBAR
PALEMBANG 30151 SUMATERA SELATAN INDONESIA ",""
"MT","SAT PARUNG","KABUPATEN BOGOR","Jawa Barat","PT. MANNA MANCA BERSAUDARA","Biaya Delivery 15% dari Nilai Invoice","08:00 s/d 16:00","081294673054
","Pendi Izal","","JL. RAYA GUNUNG SINDUR
KAMPUNG TULANG KUNING KEL. WARU KEC. PARUNG
JAWA BARAT INDONESIA",""
"MT","SAT PEKANBARU","Pekanbaru","Riau","PT. MANNA MANCA BERSAUDARA","Biaya Delivery 15% dari Nilai Invoice","08:00 s/d 16:00","(0761) 8417106","Asis Sudarwono","","JL. AIR HITAM
KEL. PAYUNG SEKAKI KEC. TAMPAN
PEKANBARU 28292 RIAU INDONESIA",""
"MT","SAT PONTIANAK","Pontianak","Kalimantan Barat","PT. MANNA MANCA BERSAUDARA","Biaya Delivery 15% dari Nilai Invoice","08:00 s/d 16:00","(0561) 8100934
","Wahyu Setiyo Utomo","","JL. TRITURA BLOK A7-9 RT.0/RW.01
KAWASAN PERGUDANGAN PERMATA TANJUNG HILIR
KALIMANTAN BARAT INDONESIA ",""
"MT","SAT REMBANG","Rembang","Jawa Tengah","PT. MANNA MANCA BERSAUDARA","Biaya Delivery 15% dari Nilai Invoice","08:00 s/d 16:00","081294676011","Hendra Supriadi","","JL. RAYA REMBANG - LASEM KM 3
DESA PASAR BANGGI RT.01/RW.05
KEC. REMBANG JAWA TENGAH INDONESIA ",""
"MT","SAT SEMARANG","Semarang","Jawa Tengah","PT. MANNA MANCA BERSAUDARA","Biaya Delivery 15% dari Nilai Invoice","08:00 s/d 16:00","(024) 8662148","Astrianti Razeena","","KAWASAN INDUSTRI WIJAYA KUSUMA KAV3-4
JL. RAYA RANDUGARUT KM12.5
KEL. RANDU GARUT KEC. TUGU
SEMARANG JAWA TENGAH INDONESIA ",""
"MT","SAT SERANG","Serang","Banten","PT. MANNA MANCA BERSAUDARA","Biaya Delivery 15% dari Nilai Invoice","08:00 s/d 16:00","0","","","","belum pernah transaksi"
"MT","SAT SIDOARJO","Sidoarjo","Jawa Timur","PT. MANNA MANCA BERSAUDARA","Biaya Delivery 15% dari Nilai Invoice","08:00 s/d 16:00","(031) 8912111","Edwin Aldrin","","JL. RAYA SUKODONO NO.45 KEBOANSIKEP
RT.09/RW.03 KEC. GEDANGAN KAB. SIDOARJO
SIDOARJO 61254 JAWA TIMUR INDONESIA ",""
"MT","SAT TANAH LAUT","Tanah Laut","Kalimantan Selatan","PT. MANNA MANCA BERSAUDARA","Biaya Delivery 15% dari Nilai Invoice","08:00 s/d 16:00","0","","","","Belum pernah transaksi tolong di cek"
"MT","VIVAHEALTH SEMARANG","Semarang","Jawa Tengah","JNE","","","024-76583886/ 6723208","","","JL. FATMAWATI NO.03/25
SENDANG MULYO
TEMBALANG SEMARANG
SEMARANG 50275 JAWA TENGAH INDONESIA ",""
"MT","VIVAHEALTH SIDOARJO","Sidoarjo","Jawa Timur","PT. LESTARI JAYA RAYA","","","031-59175816","","","KOMP. PERGUDANGAN DAN INDUSTRI NON B3
MEIKO ABADI DESA GEMURUNG
GEDANGAN SIDOARJO
SIDOARJO 61254 JAWA TIMUR INDONESIA ",""